address,name,creation_date,methods,pagerank
0xf344CF1b0C6EbCf68936481E482593dB4916A5d9,RedstoneCoreOracle,2024-09-01T06:47:59,deployer_pre,0.00149925
0xd405dcF882235481461f93e36d3bf9a29BeA1054,RedstoneCoreOracle,2024-08-27T10:07:59,deployer_pre,0.00149925
0xE9c9eF4b49ECE9f4Ab7d3a919cc4CD04542ac064,ChainlinkOracle,2024-09-18T08:55:59,deployer_pre,0.00149925
0xed1248Bed1E966141613ca6512c296083612CDEA,PendleOracle,2024-11-19T10:57:59,deployer_pre,0.00149925
0x2D2F24c7614CeA33a6c03c81DA6DE5Cdb03dE6F8,0x2D2F...E6F8,2021-11-29T06:00:37,deployer_pre,0.00149925
0xf159363b9462E843095B36DEEf66166Bd36e7493,PythOracle,2024-08-27T09:33:35,deployer_pre,0.00149925
0xc38B1ae5f9bDd68D44b354fD06b16488Be4Bc0d4,ChainlinkOracle,2024-08-27T09:22:11,deployer_pre,0.00149925
0x76f224ecf6A65f465781121F65b665307068cE8D,RedstoneCoreOracle,2024-08-27T09:54:59,deployer_pre,0.00149925
0xD1679029Ae81DA676d9b5850feb6C8EE68f9d04E,SwapHandlerUniAutoRouter,2022-10-18T13:32:23,deployer_pre,0.00149925
0xdfe70cD7FB6BbD9a519494eD6595A2a9AfAffCBF,RedstoneCoreOracle,2024-08-31T12:39:35,deployer_pre,0.00149925
0x8918D496d0AA72d3de7C8f2a5F02C27a1472CaDb,PythOracle,2024-08-27T09:39:11,deployer_pre,0.00149925
0xC293f25d36fBCAd9931F47D801e93b903164a4C6,DToken,2023-05-08T12:53:23,deployer_pre,0.00149925
0x84918bF3bc644650CC8EfF5A606a5Ed7fd5cbE15,SwapVerifier,2024-10-11T09:03:23,deployer_pre,0.00149925
0xC05055e42986954029A463fED5b4178C24B0D4e1,PythOracle,2024-10-29T09:03:11,deployer_pre,0.00149925
0x3f3ba9678e30b0033e2887C9dc5A61f7bF5728E8,RedstoneCoreOracle,2024-08-31T14:08:35,deployer_pre,0.00149925
0xE87BAb9aEA080B7d2bebb6da6CF00854fBbE85fd,RedstoneCoreOracle,2024-08-27T10:04:59,deployer_pre,0.00149925
0x6C34C9051830f58Df56582361436368563bB591D,FixedRateOracle,2024-09-26T10:22:23,deployer_pre,0.00149925
0x088756eB730A08CbEb98Dfe67Ca74697a8A63153,GovernorAccessControlEmergency,2024-12-26T02:56:59,deployer_pre,0.00149925
0x3A7671201963fE50A06DA2D612bAb26FB24caF7d,PythOracle,2024-08-27T09:32:59,deployer_pre,0.00149925
0x76f623e5E5ddb53B6B91608EfaF0dE3318286eEc,PythOracle,2024-12-12T06:51:35,deployer_pre,0.00149925
0x0Ee5c537E91bb988Fe615d0da78582ED21e2fCeC,Rewards,2024-10-29T08:07:59,deployer_pre,0.00149925
0x7528a0DaA9026ea196933538Ad09555A77080b1a,ChainlinkBasedOracle,2022-10-11T08:54:47,deployer_pre,0.00149925
0x8A54663bedD1ae4e610B534A3D783cc896d490a5,PendleOracle,2024-11-19T10:57:47,deployer_pre,0.00149925
0x0a7B3d7836C8D06FA2Db5e991658ab2C161544E4,CrossAdapter,2024-08-27T10:36:35,deployer_pre,0.00149925
0x7BC3fe0e7599dbe6C3556d16b00d7b145f51FbbB,ChainlinkOracle,2024-08-27T09:16:47,deployer_pre,0.00149925
0xACC25c4d40651676FEEd43a3467F3169e3E68e42,EulerGeneralView,2022-03-29T10:24:14,deployer_pre,0.00149925
0x26283C9B18FAb5BF46b85b4bF46FbC56f92BeA8c,PythOracle,2024-08-27T09:29:11,deployer_pre,0.00149925
0x9b2583d98fb39aA675CAA33b81EfbD539Bdf276c,Swapper,2024-10-11T09:03:11,deployer_pre,0.00149925
0x9eA85BCB76e4D52b03C44366d72cA5915A9F156C,Liquidation,2022-03-17T12:04:52,deployer_pre,0.00149925
0x24eFfF312944A66eE45058550fEBDcc65C9f099e,ChainlinkOracle,2024-08-27T09:11:35,deployer_pre,0.00149925
0x2Bba09866b6F1025258542478C39720A09B728bF,Swapper,2024-11-15T12:22:35,deployer_pre,0.00149925
0x2E5c0B799eFbe406b98b7D5aDA26d6CD31734D6d,RateProviderOracle,2024-09-09T11:21:23,deployer_pre,0.00149925
0x8E3204ae99605e6fFD2bC72D765F480bF0c05b5d,EulDistributorOwner,2022-06-22T21:31:47,deployer_pre,0.00149925
0x57904B4DF131F00DEE9BB75a8FA1D27744035c90,VaultLens,2024-09-25T09:56:47,deployer_pre,0.00149925
0x301a937a790dab07a3B59DbbB9AE9c4aF6C04685,CrossAdapter,2024-12-12T06:54:35,deployer_pre,0.00149925
0xE60393f757F999bfc599AAB7A35b943c0CB36428,RedstoneCoreOracle,2024-09-01T06:43:47,deployer_pre,0.00149925
0xa2869a2D515e873F38866f17c22Df5AC59e61DdE,PythOracle,2024-08-27T09:38:23,deployer_pre,0.00149925
0x499316dB0A18A3d8499825D69701FAf2f9Fb8F2D,PythOracle,2024-08-27T09:33:47,deployer_pre,0.00149925
0x91f046E629226B2c78B84Fa1537603961AEAd0C5,EscrowPerspective,2024-08-16T09:13:59,deployer_pre,0.00149925
0xc56F9a895688AA6164cADe142D6C0c006f88C4E8,ChainlinkOracle,2024-08-31T08:02:11,deployer_pre,0.00149925
0x41C4a30be92711B377C8F184705f037fEdA78e73,PendleOracle,2024-12-26T02:20:59,deployer_pre,0.00149925
0x0009A4657c52ea648490aA06138b88cE0f46A0c9,Fee,2024-10-29T08:08:23,deployer_pre,0.00149925
0x58010Bc0CD6101c94EdcB1173B27745Bd8Fa46D7,ChainlinkOracle,2024-08-27T09:21:11,deployer_pre,0.00149925
0x6d4029f92755Bcf62E73bBD5c9E1887077e56FAc,RedstoneCoreOracle,2024-08-27T10:12:23,deployer_pre,0.00149925
0x175b1A1347F207AA0529430012385A14C46D9638,ChainlinkOracle,2024-08-27T09:42:59,deployer_pre,0.00149925
0xDCdA67AC5081E668eA5049bE94905a9aF7dec3DB,PythOracle,2024-08-27T09:32:35,deployer_pre,0.00149925
0xbD1bBb58E07f0350e8521FdbFB3bFAc50F53AAEF,AccountLens,2024-08-16T08:55:59,deployer_pre,0.00149925
0x7c37aB8Cd76Ee8888ad7F19C1F8a3A6D1622e9B8,LidoFundamentalOracle,2024-09-03T09:01:11,deployer_pre,0.00149925
0x92587bc3c89289540813CFCa9D6E9aa6A759AF90,CrossAdapter,2024-08-27T10:39:59,deployer_pre,0.00149925
0xce1b8F00454cd70C04BAA5613541954e9e9eE0DC,PythOracle,2024-08-27T09:41:11,deployer_pre,0.00149925
0xe4E191d97A5e96BDBF8092311dfCACE752A4dc93,CrossAdapter,2024-12-17T13:26:47,deployer_pre,0.00149925
0xEa79Ca680840Cc7aD6Df138DAffCb635355E973f,PythOracle,2024-08-27T09:31:35,deployer_pre,0.00149925
0xa1e0C3690e145634c41B6D8A228E6E25EA950B25,PythOracle,2024-08-27T09:28:47,deployer_pre,0.00149925
0x12401F97e2264adBF8FF98DA72e3465D97B41477,Markets,2022-04-10T05:20:05,deployer_pre,0.00149925
0x99826E726B8e972Ec291854AD0E109C33516341E,RateProviderOracle,2024-09-09T11:23:47,deployer_pre,0.00149925
0x3d7d70Ca0fD559266873F0dCED49f2F48969F980,0x3d7d...F980,2024-08-14T13:19:23,deployer_pre,0.00149925
0x6FA8E73139E3e9dbcF3be9D3f185Ffbc2F58C957,CrossAdapter,2024-09-03T09:04:59,deployer_pre,0.00149925
0x73cb24f20Ef23fd24D52969398C62ED6030C00cD,ERC1967Proxy,2024-12-26T02:57:59,deployer_pre,0.00149925
0xe16E7d93720B470C71e02CD2D483ba18aE0e3DF7,PythOracle,2024-08-27T09:36:59,deployer_pre,0.00149925
0x470a05A180dF40D3706032325Ea750eB6Af1A092,ChainlinkOracle,2024-08-27T09:15:35,deployer_pre,0.00149925
0xab81e5A7D896Cc56ffE10197a38dfA683dCe2c3f,PythOracle,2024-08-27T09:31:23,deployer_pre,0.00149925
0x31B9F827bA569E405d85388d5CEC79D8BFf44533,RedstoneCoreOracle,2024-08-27T10:10:59,deployer_pre,0.00149925
0xAb21F487D3A3f126d1A92788c3b1D96AB4093029,RateProviderOracle,2024-09-09T11:21:59,deployer_pre,0.00149925
0x6213f24332D35519039f2afa7e3BffE105a37d3F,ChainlinkOracle,2024-08-16T09:28:35,deployer_pre,0.00149925
0x12Dd0ceea79F97250bba5816eE44DfCBC3A9d9E2,ChainlinkOracle,2024-08-27T09:20:23,deployer_pre,0.00149925
0x3f323E75E98ff55d6fc28fb322A3C7A46877F418,GovernableWhitelistPerspective,2024-08-16T09:13:47,deployer_pre,0.00149925
0xA36d0B930640Ad971bC4B657e4b697313807ff2d,EulerEarnFactory,2024-10-29T08:09:11,deployer_pre,0.00149925
0x640434aD07990aA702DF882562eE3050a399d277,RedstoneCoreOracle,2024-08-27T09:57:11,deployer_pre,0.00149925
0x28B99170918f7441C4850E691dD44D2dC3150A75,RateProviderOracle,2024-09-09T11:24:11,deployer_pre,0.00149925
0x54c679D19B0be6568821b0f7309EA8105481e035,RedstoneCoreOracle,2024-08-31T08:13:47,deployer_pre,0.00149925
0x8ce5249a189869eA829d1C73f230027DBE59BEFF,CrossAdapter,2024-09-23T11:30:59,deployer_pre,0.00149925
0xE93999C098EC339E1CbcEB5bB0C1Fd37a867921c,ChainlinkOracle,2024-08-27T09:13:59,deployer_pre,0.00149925
0xcB89a692E8233636FDc0033E948dede9762e7cF9,PythOracle,2024-08-27T09:36:47,deployer_pre,0.00149925
0x4440A1DE1Fbd7F9ebEaD7C3DD42a44e0031F37Af,Swap,2022-04-09T15:20:23,deployer_pre,0.00149925
0xE8B7516715258aea8c3d3f83c5AbbdAbc14A5Bf3,CrossAdapter,2024-12-26T02:19:11,deployer_pre,0.00149925
0x14cBaC4eC5673DEFD3968693ebA994F07F8436D2,Exec,2021-11-29T15:36:43,deployer_pre,0.00149925
0x259bCEf8F8b5dce0379d9CAE1b98c2dDB0429085,RedstoneCoreOracle,2024-08-31T16:17:11,deployer_pre,0.00149925
0x398D64a49149110803D9b421144A08bf94f20d5E,PythOracle,2024-08-27T09:31:47,deployer_pre,0.00149925
0x371f237536551fA48827132bB4FA6671a65d7Aa7,RedstoneCoreOracle,2024-08-27T09:52:35,deployer_pre,0.00149925
0xB820032915FDf761Af877c8fa3d7138659026A97,RedstoneCoreOracle,2024-08-27T10:08:11,deployer_pre,0.00149925
0xc09B45b31b7DD7B7bEcb348f1Df192C6948986B9,RateProviderOracle,2024-09-09T11:23:11,deployer_pre,0.00149925
0x16a18A08d88B38a09a4bb86d378B79fAaF1fA5d4,FixedRateOracle,2024-12-12T06:45:35,deployer_pre,0.00149925
0x76CDd6E4B2E7505BCF55d213513120a487149731,PythOracle,2024-11-19T10:53:59,deployer_pre,0.00149925
0x32Ffe7cBAe228A6C27630F73fbe2F7c41138E86A,RedstoneCoreOracle,2024-08-27T10:10:35,deployer_pre,0.00149925
0xd6266547E3D0aE0548F7888d22DBf94407571d82,Hooks,2025-01-05T21:59:35,deployer_pre,0.00149925
0x0F239a09D9B4f048d2EfE36a4204692F8DF5B564,ChainlinkOracle,2024-08-27T09:13:23,deployer_pre,0.00149925
0x473D85A00c3eC2393376CDDa6df3d9F978125B43,ChainlinkOracle,2024-08-27T09:14:11,deployer_pre,0.00149925
0x40fC79ABE0923A12a070285f8eED75E6bf71445f,SnapshotRegistry,2024-08-14T13:19:47,deployer_pre,0.00149925
0x799E9b58895d7D10306cA6C4cAb51728B142a224,FactoryGovernor,2024-09-09T11:05:35,deployer_pre,0.00149925
0x95545a3a2B4329cC939F8256CbFB77c3Ff2F2045,RateProviderOracle,2024-09-09T12:16:11,deployer_pre,0.00149925
0x8Ff1C814719096b61aBf00Bb46EAd0c9A529Dd7D,EVault,,seed,0.00149925
0xD4fF9D4e0A3E5995A0E040632F34271b2e9c8a42,ChainlinkOracle,2024-08-27T09:19:35,deployer_pre,0.00149925
0xBa8E4ee6EA2c78dab76cAc256c2B7fAaaa8324E2,RateProviderOracle,2024-09-09T11:21:35,deployer_pre,0.00149925
0x6C68D8C829399B040ff8821df2f35a630dF02f10,CrossAdapter,2024-09-26T10:24:35,deployer_pre,0.00149925
0x478eD3991F3e9A0CC8FB4e9A981d6a7442668197,PythOracle,2024-08-27T09:33:23,deployer_pre,0.00149925
0xdF65b1eCD807b20cb8a8c14049dE49048eeF62F6,ChainlinkOracle,2024-08-27T09:44:35,deployer_pre,0.00149925
0xcdf5E4f31c1706a0224cDa4fDb88CF0e58c7489e,RedstoneCoreOracle,2024-08-27T09:56:59,deployer_pre,0.00149925
0xf058fE816B01265d1BA0A3bD226049676b107318,IRMClassMidCap,2021-11-29T16:54:19,deployer_pre,0.00149925
0x16a8760feB814AfC9e3748d09A46f602C8Ade027,FixedRateOracle,2025-01-27T11:13:47,deployer_pre,0.00149925
0x155020C32cEb5E1BFdD6217c2E7906c92bcAC8c1,Exec,2022-03-17T12:01:36,deployer_pre,0.00149925
0x4a9208BB40337eE983e2898eCb1009c763Eebf5f,WSTETHOracle,2022-08-18T11:21:17,deployer_pre,0.00149925
0x951bcDd3551Bb617f3B98FcD9E6A5c0e70432928,CrossAdapter,2024-08-27T10:37:11,deployer_pre,0.00149925
0x816ED6DFc4a916f7ff3aeBe2CBd8f69068f471ec,ChainlinkBasedOracle,2022-09-07T12:07:55,deployer_pre,0.00149925
0xAeF108aD1B7523b8D5d9f343321275E1AdfF9aB5,RedstoneCoreOracle,2024-08-31T16:17:59,deployer_pre,0.00149925
0x6eeFee325a755C1620Fb9871d0c0763c5Bf9c781,ChainlinkOracle,2024-09-23T09:13:35,deployer_pre,0.00149925
0xCFf632017b84d02bA9049aB71E3d7C9f71248459,RedstoneCoreOracle,2024-08-31T17:21:11,deployer_pre,0.00149925
0x27895A6295a5117CB989d610DF1Df39DC2CDBf8F,ChainlinkOracle,2024-08-27T09:17:11,deployer_pre,0.00149925
0x2fA5758eE41B34b2f80983351a799084ec8A6cf5,RedstoneCoreOracle,2024-08-31T16:18:35,deployer_pre,0.00149925
0xEf1a15461f15F38DFD2c7EBdcCC04aDBAaAC538b,RedstoneCoreOracle,2024-09-01T06:47:23,deployer_pre,0.00149925
0xb18F83C89a9102D10eB25496326506e1Ace34996,PythOracle,2024-08-27T09:38:11,deployer_pre,0.00149925
0xE2Df9754b5d6e64Ef11ba3294Ca2279E3310A21B,PendleOracle,2024-11-19T10:58:11,deployer_pre,0.00149925
0x51130A9C92f01Be18397aDc79826bBaf5dAf4118,PythOracle,2024-08-27T09:34:35,deployer_pre,0.00149925
0x5E9381A17d413e8aBA4AcF33786BdB20Ae97Bd34,PythOracle,2024-08-27T09:30:47,deployer_pre,0.00149925
0xf3e621395fc714B90dA337AA9108771597b4E696,RewardToken,2024-10-30T16:08:11,deployer_pre,0.00149925
0xA4d8c46DA4b7a73Faa058b36EfA305077569bF23,ChainlinkOracle,2024-08-27T09:19:59,deployer_pre,0.00149925
0x999364596758A8c0c6bC5179c1bb1fA12669F345,PythOracle,2024-10-11T05:34:35,deployer_pre,0.00149925
0xe1959F0C88ff3270ed27DF025A943811c2cf1A2e,ChainlinkOracle,2024-08-27T09:45:23,deployer_pre,0.00149925
0x1336052327cEcea1a8e6365AF6DD48b78F14cb31,RedstoneCoreOracle,2024-08-27T10:11:35,deployer_pre,0.00149925
0x8489e3b08B21a611Cd6aA80972E9260F3EC77f71,VaultLens,2024-09-11T06:59:35,deployer_pre,0.00149925
0xd73dBF824CAB905a7E1687Ec1Ee25fd94FEEEed5,PendleOracle,2024-09-23T11:20:35,deployer_pre,0.00149925
0x9c32824d98DBdBDC1c0C47f849E232DF3c5c66ec,CrossAdapter,2024-08-27T10:40:23,deployer_pre,0.00149925
0x339cD07BdA6b8ca8a6e4541670B68bB286ff6B21,RedstoneCoreOracle,2024-08-31T11:37:11,deployer_pre,0.00149925
0xEF1C2fedB798F2D769950D7AB83206eA477E02d2,RateProviderOracle,2024-09-09T11:23:35,deployer_pre,0.00149925
0xd27Cacb4adB7313478ef85483210fC146Ba90506,PythOracle,2024-08-27T09:35:59,deployer_pre,0.00149925
0x6e0F1a68a08282AADb2c97b9080FD1c72B153b2c,DToken,2023-05-17T08:12:47,deployer_pre,0.00149925
0x4CAa7f4357A45667176E142051FB0fBcF3812c8D,RedstoneCoreOracle,2024-08-27T09:59:59,deployer_pre,0.00149925
0x256f8fA018e8e6F5B54b1fF708efd5ec73E20AC6,FixedRateOracle,2024-10-14T05:29:11,deployer_pre,0.00149925
0x009bd94AD5Fa60e676bfd3A45b5305463216a0d8,UtilsLens,2024-08-14T13:23:11,deployer_pre,0.00149925
0x87A0584D62aCB0E9F092A44c5d9a96c307b54910,RedstoneCoreOracle,2024-08-27T09:52:11,deployer_pre,0.00149925
0xfa6a85C68E762C94f05d9314e8214cA73F17E2b4,PythOracle,2024-12-16T13:10:23,deployer_pre,0.00149925
0x675F8028De5cfbe48c8340e8FB079dFD075Bf539,RedstoneCoreOracle,2024-08-31T16:24:59,deployer_pre,0.00149925
0x61e09AAD51C03eCb2E2d41D909B07B963B160119,AccountLens,2024-08-14T13:22:35,deployer_pre,0.00149925
0x85A8D8Ec25Ab860a06b70089Efc8EAB0E3F3d201,CrossAdapter,2024-12-17T13:27:11,deployer_pre,0.00149925
0xA9839D52E964d0ed0d6D546c27D2248Fac610c43,RewardsDistribution,2022-12-01T07:27:59,deployer_pre,0.00149925
0x63E3cC0Aa61f85BBed4b3118185B7c2efAB2e0DE,RedstoneCoreOracle,2024-09-01T06:43:35,deployer_pre,0.00149925
0xeE366246dD6E089a21d0B3ACfC9241C7580d4e52,RedstoneCoreOracle,2024-09-01T06:44:47,deployer_pre,0.00149925
0x07df2ad9878F8797B4055230bbAE5C808b8259b3,FlashLoan,2021-12-09T18:38:09,deployer_pre,0.00149925
0x93c59E574Fb98Dd283A8c54E0C7881AD9944FcAA,ChainlinkOracle,2024-08-27T09:46:11,deployer_pre,0.00149925
0x3932448015fc79A86efAAf9151515D3e2B3bbbfe,RedstoneCoreOracle,2024-09-01T06:45:47,deployer_pre,0.00149925
0xbC2794fe1c346D7B2973e359Fd818199A192a0cf,RedstoneCoreOracle,2024-08-27T10:08:47,deployer_pre,0.00149925
0x44510211b3A0801914F1Dab71B286637dbF2aB70,CrossAdapter,2024-10-02T11:11:11,deployer_pre,0.00149925
0x6d6a3c5d8cFAB9aEc10e2f6C08576559DF6DdE0E,PythOracle,2024-08-27T09:40:35,deployer_pre,0.00149925
0x9654114E3d2F62BC959B69365B97d8bc03db4b73,ChainlinkOracle,2025-01-20T05:33:47,deployer_pre,0.00149925
0x6647Fb8856CFc3E2F95F5b6100dD36574988E17B,PythOracle,2024-08-27T09:32:47,deployer_pre,0.00149925
0xd1DD0C964B0d137498C630B8b7fEd1F88631FFF3,LidoOracle,2024-08-16T09:33:59,deployer_pre,0.00149925
0x36e2FA4A545bfda4c5cDaF1d28dc3C138bB77aA9,PythOracle,2024-08-27T09:28:35,deployer_pre,0.00149925
0x42ec0eb1d2746A9f2739D7501C5d5608bdE9eE89,IRMClassStable,2021-11-29T16:55:29,deployer_pre,0.00149925
0x509aB758603aaf54Ad64567137C5cFA522a899d1,CrossAdapter,2024-08-14T13:56:47,deployer_pre,0.00149925
0x105c9463d83D06c05b976248C3CCE01F739B0127,RedstoneCoreOracle,2024-08-31T11:30:47,deployer_pre,0.00149925
0x6F544E6f6245aab0d73A7FC292727639b877ae55,VaultLens,2024-11-14T10:47:35,deployer_pre,0.00149925
0x0081d84174d84EE37973fc553b2a3A0101873193,PythOracle,2024-08-27T09:40:11,deployer_pre,0.00149925
0x56D59F0A1dFB41C1de3cf0EC91CB4308B76d079b,ChainlinkBasedOracle,2022-08-24T20:04:07,deployer_pre,0.00149925
0x8542F0461e89bfa3324B0911C63F57B9De6E3177,WithdrawalQueue,2025-01-05T22:00:11,deployer_pre,0.00149925
0x5Cc2e68540aF49cC1537C27A5aFa33B89AF06a94,PythOracle,2024-08-27T09:30:23,deployer_pre,0.00149925
0xb4876B74638F417Fa620B6169cdf7690351441fE,0xb487...41fE,2025-06-22T09:52:23,deployer_pre,0.00149925
0x0D52d06ceB8Dcdeeb40Cfd9f17489B350dD7F8a3,TrackingRewardStreams,,seed,0.00149925
0x3CED8b2bABeA37018308A88C36a9d128Cf1bEc1c,RedstoneCoreOracle,2024-08-27T09:52:47,deployer_pre,0.00149925
0x29DaDdfdA3442693c21A50351a2B4820DDbBFF79,DToken,2022-08-17T21:02:11,deployer_pre,0.00149925
0x7185a1026cA03e29fa6045939F68a6873dFfd024,CrossAdapter,2024-11-19T11:02:23,deployer_pre,0.00149925
0x362320361e14c1E351e84cA85a0C03A6Eef71286,PythOracle,2024-08-27T09:31:59,deployer_pre,0.00149925
0x9ba11Acd88B79b657BDbD00B6dE759718AaAdCbA,TermsOfUseSigner,2024-09-25T09:42:11,deployer_pre,0.00149925
0x39cEa17D7c03a56fECacb6f3850C14DD473Fe2F4,UtilsLens,2024-11-14T10:46:23,deployer_pre,0.00149925
0x62fDeB94bdd0F7745c68B9B62C8AF2CD0eB11f68,RedstoneCoreOracle,2024-08-27T10:07:11,deployer_pre,0.00149925
0xe46bFb8b191D1C7F6D7b0325D6adBa8A1c947d21,FixedRateOracle,2025-01-27T11:14:47,deployer_pre,0.00149925
0x2A95e7bAC6D8cA0a5d0B4b915B3A9DbD21ad64e5,RedstoneCoreOracle,2024-08-27T09:57:35,deployer_pre,0.00149925
0x4f8E6BBF4637CCd859CaA9Cc88fCaCAC05A5d251,ChainlinkBasedOracle,2022-08-24T19:58:30,deployer_pre,0.00149925
0x93DE2767E2d7f2EFd2Fd69152cD6837f84b12D20,CrossAdapter,2024-11-19T11:03:35,deployer_pre,0.00149925
0xc35a0FDA69e9D71e68C0d9CBb541Adfd21D6B117,EulerSwap,2025-06-10T12:09:23,deployer_pre,0.00149925
0xE56d935405De1600dB78C7b4EF58c8517c56D2bd,CrossAdapter,2024-11-19T11:03:11,deployer_pre,0.00149925
0x3ecFAC4f67b83b219a5Ac571E1d0555eC59dF903,CrossAdapter,2024-11-07T07:01:23,deployer_pre,0.00149925
0x747a726736DDBE6210B9d7187b3479DC5705165E,GovernedPerspective,2025-01-05T22:02:11,deployer_pre,0.00149925
0x000D8AA9E414b9E7E7591A456CA910Fb3bb05875,EulerUngovernedPerspective,2024-09-25T10:07:35,deployer_pre,0.00149925
0x1800B00250dF88fa5461edF957722a352B3C6378,PythOracle,2024-08-27T09:37:35,deployer_pre,0.00149925
0x8dE06BFbAF4343310706167C55496B8f27812A3D,Reverter,2023-03-13T05:48:35,deployer_pre,0.00149925
0x2A0cda8Da0c1601A4B1581DA8FfBc50d8066C5Dd,CrossAdapter,2025-01-15T13:01:11,deployer_pre,0.00149925
0xf6D8CcAa6677265F0A419F47539A7A87AA65C987,PythOracle,2024-08-27T09:37:47,deployer_pre,0.00149925
0x7aE18Fe76854fa5d4AE2E2f59323A61caCD41D31,PythOracle,2024-08-27T09:39:59,deployer_pre,0.00149925
0xC93382d5fcEF4303D7Ed1a3015172E9E03baDD1C,PythOracle,2024-08-27T09:32:23,deployer_pre,0.00149925
0xbE37356aECd50Aa57cb545eD25053055898611de,CrossAdapter,2024-11-25T13:32:11,deployer_pre,0.00149925
0x4b65470f3D24E0D3cdb4A12f3D4BF89c24FbDd52,PythOracle,2024-08-27T09:31:11,deployer_pre,0.00149925
0xe7884FEe13B1FB49d5598e68D7B4476D0555f81a,ChainlinkOracle,2024-08-27T09:11:11,deployer_pre,0.00149925
0x5Bc2135a78fB289561915cEc4585C5004639fb3d,CrossAdapter,2024-12-26T02:19:35,deployer_pre,0.00149925
0xAfCbe81B8122e7b6e59E6df954AF3Aa37cBE8362,AztecDistributor,2023-04-17T09:10:47,deployer_pre,0.00149925
0x68561819D2fb3a9AF943266f1A11609961dD0264,PendleOracle,2024-10-11T05:28:59,deployer_pre,0.00149925
0xc87BFC9DE10B45ADB6D10945F612a3DE5B3E134E,WBTCOracle,2022-11-24T09:38:11,deployer_pre,0.00149925
0x4E33D9874EbB7847C9C11E47aEEa8D3F215bF676,PythOracle,2024-08-27T09:29:35,deployer_pre,0.00149925
0xdBBaEA81850b43dB583A80C7dE87551B4914dc83,ChainlinkOracle,2024-08-27T09:45:59,deployer_pre,0.00149925
0x6F79C23D482EA6d2B075092289aefB86E761EE9D,PythOracle,2024-08-27T09:28:11,deployer_pre,0.00149925
0x3613732Adb68CB66b2B2d3a29779C74A1b53e0e8,ChainlinkOracle,2024-12-17T13:19:23,deployer_pre,0.00149925
0xFD310B00523707e6b3A9Ba83c3D6EAC3350CF8eA,IRMClassUSDT,2022-11-28T11:26:59,deployer_pre,0.00149925
0x658ba5f7395774c664C7E6ac18D7E77F7871D45a,PythOracle,2024-08-27T09:39:35,deployer_pre,0.00149925
0x222fC2383C13D91ff8a3421dc977Fa2f3501931D,RedstoneCoreOracle,2024-09-01T06:46:11,deployer_pre,0.00149925
0x7Dd834c7844710435Bd471B7499b16421ee84f3C,Initialize,2024-08-14T13:20:23,deployer_pre,0.00149925
0xa11bcc781F24e87d55D256Edd50d6E8D6aa14628,PythOracle,2024-08-27T09:36:11,deployer_pre,0.00149925
0xF86a6f85606b7D0074aEdeA3f8C26B2E70797e04,RedstoneCoreOracle,2024-08-27T10:09:11,deployer_pre,0.00149925
0x5a435d7b7E5f39e19172b0f4D5012363b7d2036F,ChainlinkOracle,2024-09-23T09:13:23,deployer_pre,0.00149925
0xC018650b9B040F81B3e72014487114067676AfE8,RedstoneCoreOracle,2024-09-01T06:44:35,deployer_pre,0.00149925
0xADD180D809310c117211af7154a93A1113502fdD,EulerEarnVaultLens,2025-01-05T22:02:23,deployer_pre,0.00149925
0xCc560e0D36A80A439CbFddE8f6645e9BdaFF6a8c,Extractor,2023-04-13T08:14:11,deployer_pre,0.00149925
0x45BE109F2A11d9521cC77b95d739F5c4A041C054,RedstoneCoreOracle,2024-08-27T10:11:59,deployer_pre,0.00149925
0x4d75af94580c43bC7c403b46d335Dba82E81A49C,RedstoneCoreOracle,2024-08-27T09:50:59,deployer_pre,0.00149925
0x4fdD5f93795A694a1301cA49cC07AEc19EcEEc9d,RedstoneCoreOracle,2024-08-31T16:08:59,deployer_pre,0.00149925
0x62357F6Df9B45A638401482f085d9d998fD2Aa6e,FixedRateOracle,2024-09-30T10:37:59,deployer_pre,0.00149925
0xE5aFE81e63f0A52a3a03B922b30f73B8ce74D570,StakingRewards,2022-12-01T07:32:59,deployer_pre,0.00149925
0x5ADf279fb4C4dEb1781e84A06FE2ff7219287405,ChainlinkOracle,2024-08-27T09:22:47,deployer_pre,0.00149925
0x1c4224B8f39B53e8317740258e4870cDD3fE518e,OracleLens,2024-09-13T10:37:59,deployer_pre,0.00149925
0x7882F919e3acCa984babd70529100F937d90F860,StakingRewards,2022-12-01T07:34:59,deployer_pre,0.00149925
0x04CB462a121e1799722Fe84C60E790B64D5adfDE,Governance,2022-08-17T21:05:48,deployer_pre,0.00149925
0xd39452589E66cBE43b06F4c9bE8E3CbE4129CE96,GovernedPerspective,2024-08-27T08:41:59,deployer_pre,0.00149925
0x14C855046e91E91033Aaff3191EA6717Fb759A05,FixedRateOracle,2024-09-12T09:51:11,deployer_pre,0.00149925
0x2aa25A20918EE96A4af4C0F420764FbFbA98826E,RedstoneCoreOracle,2024-08-27T10:05:35,deployer_pre,0.00149925
0x5b2075C1463E9bbe3f8B15D695Ab7B6684D67cC6,RedstoneCoreOracle,2024-08-27T10:12:35,deployer_pre,0.00149925
0x7e6d4952A8076d705aaAcc7d5cEbDb2Ea3D6a1fc,FixedRateOracle,2024-09-12T09:50:59,deployer_pre,0.00149925
0x404F45046a22b3A4A97F73bAe28231648FDFf11e,ChainlinkOracle,2024-08-27T09:10:35,deployer_pre,0.00149925
0xEA876b596Bc2e0d6B486C7BBd5106F6C9f16ac23,CrossAdapter,2025-01-20T05:39:59,deployer_pre,0.00149925
0x0C9a3dd6b8F28529d72d7f9cE918D493519EE383,EthereumVaultConnector,,seed,0.00149925
0xE513452372167B3401a300834283f12fB0784758,ChainlinkBasedOracle,2022-09-07T12:08:52,deployer_pre,0.00149925
0xf9c08c4c12380A1A1596e075F69273E1De573FD5,PendleOracle,2024-09-23T11:20:47,deployer_pre,0.00149925
0x13e66cEf90715a6E5B353Ce356259eC0CB2b7442,RedstoneCoreOracle,2024-08-31T11:38:59,deployer_pre,0.00149925
0x956C9b887cB8779140EED942fa91f51B13Bd1b86,ChronicleOracle,2024-08-27T09:02:59,deployer_pre,0.00149925
0x9bf043B79b9BEFAF3b9839fFC51dF0c008BEFf9C,ChainlinkOracle,2024-08-27T09:11:23,deployer_pre,0.00149925
0x5c5B67D71559744d5d1DbB2c9C282761919A25Cf,ChronicleOracle,2024-08-27T09:03:11,deployer_pre,0.00149925
0x75AAf54F12784935128306BEe2520de55890a29A,VaultLens,2025-01-28T04:22:47,deployer_pre,0.00149925
0xe3000F414f6C93D58F917967C046321ed9692459,RedstoneCoreOracle,2024-08-27T10:08:59,deployer_pre,0.00149925
0x6Fac9CC26abf132cdfb357C1f38A32cd46bAB5be,FixedRateOracle,2024-09-09T11:18:35,deployer_pre,0.00149925
0x869ff5b6f74f534163B3dd303C6861e8aDD454ee,RedstoneCoreOracle,2024-08-27T09:54:11,deployer_pre,0.00149925
0xc65A8592374c76324F85Fb5E84526C7A8d05A38c,RedstoneCoreOracle,2024-08-27T09:50:47,deployer_pre,0.00149925
0x4A337CA01a3f53477e17E502cFbb484120a325Dc,SnapshotRegistry,2024-08-16T05:46:23,deployer_pre,0.00149925
0x1eF5A6Ad9F80605Ae4DD8aBfdCdAc3E4440D321f,EulerIRMAdaptiveCurveFactory,2025-01-28T04:21:59,deployer_pre,0.00149925
0xBf442Eb964Fe9b69D722c72AbD7ded46C9B7434b,PythOracle,2024-08-27T09:37:59,deployer_pre,0.00149925
0xe0DBFd7c7E54006cDa3202f3D25006a8E7EED566,ChainlinkOracle,2024-08-27T09:17:23,deployer_pre,0.00149925
0x0409951BaF30bfAd7EC3c2584CBCB120f816b31B,ChainlinkOracle,2024-08-27T09:09:11,deployer_pre,0.00149925
0x3FbFf9a3B7f95aD64AFD57f6B43EC0C86D437637,CrossAdapter,2024-10-02T11:09:59,deployer_pre,0.00149925
0xaE9eCE3Dbf4b457dD44A7be8e683DCe3E2c91205,CrossAdapter,2024-08-27T10:37:35,deployer_pre,0.00149925
0xa61f5016F2cd5cec12d091f871fcE1e1df5f0b67,Governance,2024-08-14T13:21:47,deployer_pre,0.00149925
0x59727D354f56D8039Fe9Df10Ce069bAeafB70623,RedstoneCoreOracle,2024-08-27T09:51:23,deployer_pre,0.00149925
0x98D7A0b0c895f6C602fE2E6B3AA83EAFAbb92Ce6,RiskManager,2022-03-17T12:04:15,deployer_pre,0.00149925
0xc3928c5AcE4c047053eBCf547F9d513261e87a78,ChainlinkOracle,2024-08-27T09:21:59,deployer_pre,0.00149925
0x8116Ff3BCF7460FEF6B1b258dd7959Ea3DfDF778,ChainlinkOracle,2024-08-27T09:22:23,deployer_pre,0.00149925
0xe7a32E7A8b2536924D8ac4913F80d9133558eC27,CrossAdapter,2024-08-27T10:36:23,deployer_pre,0.00149925
0xEFB8f3B96DBd72BAa21f6BEee26296f253cF6765,RedstoneCoreOracle,2024-08-27T10:07:23,deployer_pre,0.00149925
0x1aA4B12e93D8F3CFd7431757b545eFC83030fd7d,CrossAdapter,2024-08-27T10:36:11,deployer_pre,0.00149925
0xC1F6c8E2F625d7f60Bf4b84e34ab0F0b53AD2C6F,PendleOracle,2024-11-25T13:24:11,deployer_pre,0.00149925
0x013F30a593718D962c0CeeDe0a66f5f9EF5451b5,RateProviderOracle,2024-09-09T12:20:59,deployer_pre,0.00149925
0xFd2e26727305946Bf7a174f5a73bD82147980a47,PythOracle,2024-08-27T09:36:23,deployer_pre,0.00149925
0xeB059be0bfD917d3B47F8bf0cF82eD2DCbe91b88,PythOracle,2024-11-05T11:32:11,deployer_pre,0.00149925
0x83e0698654dF4bC9F888c635ebE1382F0E4F7a61,FixedRateOracle,2024-09-11T05:45:23,deployer_pre,0.00149925
0x352e64E70bd1d2Fa46bDc2331D8220202c3f2c3B,VaultLens,2024-09-13T10:39:23,deployer_pre,0.00149925
0x9ba991C56eB386AB58A3373215Afb5cf52ed78A7,ChainlinkOracle,2024-08-14T13:43:59,deployer_pre,0.00149925
0x33Aaab978c31C8d2617De81B89C8e49636517785,PythOracle,2024-08-27T09:37:11,deployer_pre,0.00149925
0x42331b6A43D14453a2BB2E4a450187Ff9841CFf6,RedstoneCoreOracle,2024-08-31T11:33:47,deployer_pre,0.00149925
0x4cD6BF1D183264c02Be7748Cb5cd3A47d013351b,ProtocolConfig,,seed,0.00149925
0x62Fd67Db5108bC9d050895a799810153fa976ded,CrossAdapter,2024-11-07T07:01:11,deployer_pre,0.00149925
0x80876B9a71766aFA72b4D73472468149D3c580DD,FixedRateOracle,2024-12-16T13:08:35,deployer_pre,0.00149925
0x5c7943134B68679355267393f13bCA931c622881,FixedRateOracle,2024-11-19T10:50:23,deployer_pre,0.00149925
0xCC6A0845165ae0868A04D1656673192A0D33af67,RedstoneCoreOracle,2024-08-31T15:40:35,deployer_pre,0.00149925
0x4FD36Cd1C23BE30db86679f391087fd8a984f893,FixedRateOracle,2024-11-26T11:40:35,deployer_pre,0.00149925
0x630fAbEEadC8322747eb2c22035da4e23d675b90,PythOracle,2024-08-27T09:37:23,deployer_pre,0.00149925
0x6653F10CFadC375dc14A0b55db6e5c037b6fa21b,CrossAdapter,2024-08-27T10:39:11,deployer_pre,0.00149925
0xdfE98d04D1d00f1b30B84022d4291C2a70E8d6c6,AztecDistributor,2023-04-18T11:26:23,deployer_pre,0.00149925
0x10674C8C1aE2072d4a75FE83f1E159425fd84E1D,ChainlinkOracle,2024-08-16T09:28:11,deployer_pre,0.00149925
0xa87dA6Bb80fB51155D245B0A6f27184E425B4952,ChainlinkOracle,2024-08-14T13:44:23,deployer_pre,0.00149925
0xA74e9a856DD1bA260169BD577C9235Fb6e9391fE,ChainlinkOracle,2024-08-27T09:20:59,deployer_pre,0.00149925
0xc8b36227C9C496f6d9C06462f285f55C93fBd7D9,RedstoneCoreOracle,2024-09-01T06:45:11,deployer_pre,0.00149925
0x5AfEA59bBd15e297a84f1eF349E7D2eda975bBc5,RedstoneCoreOracle,2024-08-31T15:39:35,deployer_pre,0.00149925
0x554ee3d9ed7E9ec21E186c7dd636430669812f73,Governance,2021-11-29T15:38:45,deployer_pre,0.00149925
0xe00cc94f1C7b45c4bE822229f177DBDf92817D6f,RedstoneCoreOracle,2024-08-27T10:01:47,deployer_pre,0.00149925
0x4DDce44ab524F49b4050D9d59D7cF61cDa865F84,EulerClaims,2023-04-19T09:08:59,deployer_pre,0.00149925
0x3792AE101b15Eef45bF713b562383e0399659D64,ChainlinkOracle,2024-08-27T09:14:59,deployer_pre,0.00149925
0x090c752B7b26d3cc382BF532eC9C4403C80D56CF,EToken,2021-12-09T18:40:30,deployer_pre,0.00149925
0xd83b4031A325326109f2ab7444F6a6C008f5c462,RedstoneCoreOracle,2024-08-27T10:05:11,deployer_pre,0.00149925
0x0D99c644EAdc9237550430D1ACa226690EAc4E4f,RedstoneCoreOracle,2024-08-27T10:09:35,deployer_pre,0.00149925
0x169FcDf7ee4975E5dE4859cd4030F25Cb399be8c,DToken,2022-08-03T09:53:40,deployer_pre,0.00149925
0x205934fCB64523CA9DaCee5Cac93e82F2544422c,CrossAdapter,2024-08-27T10:39:23,deployer_pre,0.00149925
0xc667d21d0BFfd9007cDB68A119Bc6b121b1Cb2eD,CrossAdapter,2024-08-27T10:40:11,deployer_pre,0.00149925
0xe83B69EdfD12e477fe47152C0e1D65576B91A1cf,Governance,2022-12-14T07:23:23,deployer_pre,0.00149925
0x4F0585d46e23DBc50017E348d4D37dF3DED6e4b4,PendleOracle,2024-12-05T08:53:35,deployer_pre,0.00149925
0x990Ec39Ab55cFB15A3d326359045E982977132ef,PythOracle,2024-11-05T11:32:47,deployer_pre,0.00149925
0xA252aF9208E53c0AC6a79A5d0933A8D1F184FEE5,BalanceForwarder,2024-08-14T13:21:35,deployer_pre,0.00149925
0xb8673a940c4f0339D7aD4466A18c298806AB69b4,RedstoneCoreOracle,2024-08-31T11:41:11,deployer_pre,0.00149925
0x33243BfB60C05d9F20A0064365DC10F5Ee599956,PythOracle,2024-08-27T09:29:47,deployer_pre,0.00149925
0x4DF63d20Cb2A5Faa5B9Cb978089bDFcCFd318c39,EulerBasePerspective,2024-08-16T09:14:11,deployer_pre,0.00149925
0x66529DD85bdbad70A73B98c86C979Fc6F0d98498,VaultLens,2024-08-16T08:57:23,deployer_pre,0.00149925
0xfDe7A256eCC26a41c52D1Bba66c267d600Cb265b,Rewards,2025-01-05T21:59:23,deployer_pre,0.00149925
0xAed37a234cc880a9e3D9Fd9022013eE0A419493e,Liquidation,2021-11-29T15:43:50,deployer_pre,0.00149925
0xc68CB3658ACf1d49547Fa8605dc158D876cD5828,EscrowedCollateralPerspective,2024-08-27T08:42:11,deployer_pre,0.00149925
0xD1d7f938a86e29CD206834a311c8cDC76E08715b,RedstoneCoreOracle,2024-08-27T10:04:11,deployer_pre,0.00149925
0x03ED909Ab6102c3F1Bb9c665839Ae580aC472dAC,RedstoneCoreOracle,2024-09-01T06:47:11,deployer_pre,0.00149925
0x196446caDDe6DA4d4AFCde0c2A06DCB7B6085C12,RateProviderOracle,2024-09-09T11:21:47,deployer_pre,0.00149925
0x23E4a1A73fD3fE3c7F8596bb74886e6c478EEC59,MeanFinanceDistributor,2023-04-14T08:58:11,deployer_pre,0.00149925
0x73bDDD7B48B653D4e78D88916a40f9890049ebE9,CrossAdapter,2024-08-27T10:36:47,deployer_pre,0.00149925
0x375b0dcFE72efBc03937A3FfFc1de13d97D6F4B1,ChainlinkOracle,2024-08-27T09:17:59,deployer_pre,0.00149925
0x3A73697B07C273A04183765561d6f68a9D327DE7,ChainlinkOracle,2024-08-27T09:15:23,deployer_pre,0.00149925
0x1aab4Ade343a2d80aE9b6e516D1e1f71E688fCe3,ChainlinkOracle,2024-12-17T13:16:47,deployer_pre,0.00149925
0x196fdd95EAE8c673150e5EFe727F4cC84ED33Cb8,EToken,2022-08-03T09:53:01,deployer_pre,0.00149925
0x1430635296fC1494560ab60f58EA7f6C7b56EFB6,RedstoneCoreOracle,2024-08-27T10:12:11,deployer_pre,0.00149925
0xE8391F3556F19dd5e843361e8CACB073B401ae81,ChainlinkOracle,2024-08-27T09:19:47,deployer_pre,0.00149925
0xf40e8314143B4CF1764CCCd22588a8794a00d8Ca,Swap,2021-12-20T13:00:38,deployer_pre,0.00149925
0x1DF4f5afD2Ad4E830a343C7C32824A9F4b525496,CrossAdapter,2024-08-27T10:35:47,deployer_pre,0.00149925
0x7813D94D8276fb1658e7fC842564684005515c9e,Swapper,2024-08-14T13:24:11,deployer_pre,0.00149925
0x6e23447000a924f5CF6a5748A2F14c36b2C65aec,RedstoneCoreOracle,2024-09-01T06:46:47,deployer_pre,0.00149925
0xBb918933b510CDF9008E0f1B6AFE50A587CD9224,ChainlinkOracle,2024-08-27T09:12:23,deployer_pre,0.00149925
0x7fa4d5E5eFACAB275c555eeC77fbdd3B994521Df,SnapshotRegistry,2024-08-31T07:28:59,deployer_pre,0.00149925
0x86c4A3f58C1de49BF5CC59037E3467Be07281ead,PendleOracle,2024-12-26T02:10:47,deployer_pre,0.00149925
0x3bf1bD5dB4457d22A85D45791b6291b98d0Fc5b5,OFTAdapterUpgradeable,2025-01-28T13:18:47,deployer_pre,0.00149925
0xFb9Fd4552082e0dc3Bb8e94bACB53c109988826d,RedstoneCoreOracle,2024-08-31T13:44:11,deployer_pre,0.00149925
0xc697BB6625D9f7AdcF0fbf0cbd4DcF50D8716cd3,EulStakes,2022-06-16T12:36:39,deployer_pre,0.00149925
0x3eF9cd1D61d8Ed4a0915Cb07D4491aEA9f1b0B4e,CrossAdapter,2024-09-23T11:30:47,deployer_pre,0.00149925
0xFe9fda2fa2266023D07f2DE975D1D2e890146c2d,ChainlinkOracle,2024-08-27T09:14:47,deployer_pre,0.00149925
0x0Dd643580a1B137DB748651A6a9be13Ba5734Fd8,VaultLens,2024-10-15T06:25:11,deployer_pre,0.00149925
0x804C4fC1eb2202332eabaB8d2d81b1A5Cd48D875,RateProviderOracle,2024-09-09T11:22:59,deployer_pre,0.00149925
0x218f2C85a53B7a3051561F8Bf2475D40eFd3ADA1,PythOracle,2024-08-27T09:28:59,deployer_pre,0.00149925
0x9Ee335e15692317A4fAdb221feA0AFfe48953130,ChronicleOracle,2024-08-27T09:03:23,deployer_pre,0.00149925
0x6245cd4E6fef97ccc0508242135fdF2577006cfc,ChronicleOracle,2024-09-18T06:26:47,deployer_pre,0.00149925
0x70572966fEB31253d2d5aEE07e6323B2C8d96806,PythOracle,2024-08-27T09:34:59,deployer_pre,0.00149925
0xF3DfF78dA9074B288dB14c4Ba10ba540741E2629,RateProviderOracle,2024-09-09T11:22:23,deployer_pre,0.00149925
0xB74D6752e40068ECA198A66DB97AFBcD00F7226F,PythOracle,2024-12-12T06:51:59,deployer_pre,0.00149925
0xbF045915CaF2C309A5bA1A3Ae024EFD8E54fB66c,0xbF04...B66c,2024-10-17T09:23:11,deployer_pre,0.00149925
0xc44f2FfA5eAe262a9ca253647c1900a2611229C1,RedstoneCoreOracle,2024-09-01T06:47:35,deployer_pre,0.00149925
0xa03A5af033c80e4A168c679bb5780387c5A91455,PythOracle,2024-08-27T09:29:23,deployer_pre,0.00149925
0x05D6C4D46A794468f282469c0E9346f121EA92Ee,EulerSwap,2025-05-29T12:29:35,deployer_pre,0.00149925
0x5241e34A1eA2BF6F297bAf158e668e23244464a7,RewardToken,2024-10-15T05:40:23,deployer_pre,0.00149925
0x7D3edA18100702520c04B1bb08Fb4e51398FC88F,RedstoneCoreOracle,2024-08-27T10:10:23,deployer_pre,0.00149925
0xfF7A0b71d1c2E8adF2F1d44388A45b7AB0f6be57,WithdrawalQueue,2024-10-29T08:08:47,deployer_pre,0.00149925
0xDC8af46aDF7143e58047beECA27210D6dc760721,ChronicleOracle,2024-09-23T09:15:35,deployer_pre,0.00149925
0xF8e463FCd5DC5AE5E1aA0c4388322279D66e6E9E,CrossAdapter,2024-10-02T11:10:11,deployer_pre,0.00149925
0xE4044D26C879f58Acc97f27db04c1686fa9ED29E,VaultLens,2024-09-03T09:15:59,deployer_pre,0.00149925
0x098B76Fc7D7488C5d567D28540497cA7785c7A4c,PendleOracle,2024-12-26T02:10:23,deployer_pre,0.00149925
0x8F59c64fA1Fb2a57e9D084ab3481a13e7db68753,AccountLens,2024-08-31T07:31:59,deployer_pre,0.00149925
0x0a71C167d6FBDb6721f37e1d543B4bAcCB76A9E0,Reverter,2023-03-13T05:47:11,deployer_pre,0.00149925
0x2Fe6b211a3e73683ca90d08C0AD8f5ba6CfaDfbc,RateProviderOracle,2024-09-09T11:23:59,deployer_pre,0.00149925
0x2F13256E04022d6356d8CE8C53C7364e13DC1f3d,FactoryGovernor,2024-12-26T02:55:47,deployer_pre,0.00149925
0xE4603a2a5b690d09309aCAa12c4Fd1BBF661edF3,ChainlinkOracle,2024-08-27T09:18:11,deployer_pre,0.00149925
0xeb3Ed6A68C69659BfF24A4b996644aaCba68c4ec,CrossAdapter,2024-10-02T11:10:23,deployer_pre,0.00149925
0x0c5Ec740e53b42b03Bd4700591c82465e93404Ce,CrossAdapter,2024-12-26T02:23:35,deployer_pre,0.00149925
0x587CABe0521f5065b561A6e68c25f338eD037FF9,ChainlinkOracle,2024-08-16T09:28:59,deployer_pre,0.00149925
0x95DfdA6Ff77F7193Cb20a7E3531Cc6c5eF42f950,ChainlinkOracle,2024-08-27T09:46:35,deployer_pre,0.00149925
0x232F49b73B3E1C65bcCB1FF4874CAdcD16EB9399,GovernableWhitelistPerspective,2024-08-14T13:23:23,deployer_pre,0.00149925
0x00D54F129293b1580C779c8F04b2d8cE370cA69d,RiskManager,2021-11-29T15:47:54,deployer_pre,0.00149925
0x8453AEEd36efF2c88f237c78ce3e643d04a7AFaC,ChainlinkOracle,2024-08-27T09:13:11,deployer_pre,0.00149925
0x9cC836e20a6cE4B3F4E8D38574aF3C1CACc2B53d,RedstoneCoreOracle,2024-08-27T10:06:35,deployer_pre,0.00149925
0xF0E1DBede5EfC7be5d12BD5EBd8CaDBf6074dDed,EscrowPerspective,2024-08-14T13:23:35,deployer_pre,0.00149925
0x175eCF37C049c089e44A6C195519f0Ed4368A370,ChainlinkOracle,2024-08-27T09:09:35,deployer_pre,0.00149925
0xbb0D4bb654a21054aF95456a3B29c63e8D1F4c0a,EToken,2022-08-17T21:03:31,deployer_pre,0.00149925
0x500e768Ad118035bB326AD723bcA116291923D38,OracleLens,2024-08-14T13:22:47,deployer_pre,0.00149925
0x43EA4d02fE0a87D9e7E8069e7b2fA017207a9d25,ChainlinkOracle,2024-08-27T09:22:35,deployer_pre,0.00149925
0xB4Ad4D9C02c01b01Cf586C16f01C58c73c7f0188,Vault,2024-08-14T13:20:47,deployer_pre,0.00149925
0xE96C9749c63cA406C8BAF800c3d101C9701945Dc,Swap,2022-08-17T21:15:15,deployer_pre,0.00149925
0x575232A826256D648d645aE58980DE1E26894A85,CrossAdapter,2024-11-19T11:02:35,deployer_pre,0.00149925
0x4FE5A6ee0bE736Cf7EC34c95A55B9d006E6E6BE8,Strategy,2025-01-05T21:59:59,deployer_pre,0.00149925
0xE5d0A7A3ad358792Ba037cB6eE375FfDe7Ba2Cd1,Markets,2021-11-29T05:20:23,deployer_pre,0.00149925
0x16230668587e47252A905D5425B82bb9619cD1a5,PythOracle,2024-08-27T09:34:23,deployer_pre,0.00149925
0xf2581Cc80A5807405b1C68a47058c4b0f0fDD241,0xf258...D241,2021-11-29T16:05:28,deployer_pre,0.00149925
0x1CED4418D789636ea9358F47859C3f74D9e26453,RedstoneCoreOracle,2024-09-01T06:46:23,deployer_pre,0.00149925
0xddd1eA100325D7292811948639370Ad24cEb0334,OracleLens,2024-11-14T10:45:23,deployer_pre,0.00149925
0x26B1E253c3E5AEd049c2283Fa1d9BeF4e226A867,OracleLens,2024-09-03T09:15:47,deployer_pre,0.00149925
0x1bDc02Cc6F129815Cb666Cb10f08037985D8A7d2,ChainlinkOracle,2024-09-03T12:41:35,deployer_pre,0.00149925
0xd9Fcd98c322942075A5C3860693e9f4f03AAE07b,Eul,2021-12-30T12:04:41,deployer_pre,0.00149925
0x7A665a9D504F9F17e0239F7D4a4A555177281dd3,RedstoneCoreOracle,2024-09-01T06:46:59,deployer_pre,0.00149925
0x6061b6Be1b5922406D674c57d2ce553F2454523E,WSTETHOracle,2022-08-18T11:39:55,deployer_pre,0.00149925
0x4000439DD7F435d2236f154fEfa1Fb0B99f9Dbc4,OracleLens,2024-10-15T06:22:35,deployer_pre,0.00149925
0x0C8541ba08F81CFcE8B35E74A87B0e8Fc4669974,RedstoneCoreOracle,2024-08-27T10:12:47,deployer_pre,0.00149925
0xe6bEAab5D8aFE111eFf72dDB85CF05EBA9e17f54,EulerFactoryPerspective,2024-08-14T13:23:59,deployer_pre,0.00149925
0x000000000022D473030F116dDEE9F6B43aC78BA3,Permit2,,seed,0.00149925
0x350Db14882475dA44CabDd621448C4Fab0fa8CE6,PythOracle,2024-08-27T09:30:35,deployer_pre,0.00149925
0xfDE0600A4b2dF2ebA557269B99cC3335fCD20568,RedstoneCoreOracle,2024-09-01T06:45:35,deployer_pre,0.00149925
0xe5cbDD5d016fd2b92338ea4Add64E76378e2ee2F,RedstoneCoreOracle,2024-08-31T16:01:23,deployer_pre,0.00149925
0xd9274249FD71413342F75168c476CC357B17A3A1,CrossAdapter,2024-08-27T10:36:59,deployer_pre,0.00149925
0x3B66ebD98f9E5D53A9d2Cc7ffFD2F760f7EbDD19,ChainlinkOracle,2024-08-14T13:44:47,deployer_pre,0.00149925
0x3C292300b5D7331D53258d6BbA7f6dB66Bc77e1A,RedstoneCoreOracle,2024-08-27T10:04:47,deployer_pre,0.00149925
0x6A8E56f5BbE066D1afdcA56a5133722d48D0CD77,FixedRateOracle,2024-09-09T11:18:23,deployer_pre,0.00149925
0x4d7e09f73843Bd4735AaF7A74b6d877bac75a531,TransparentUpgradeableProxy,2025-01-28T13:18:59,deployer_pre,0.00149925
0x680922A0BEB9701A92B97C4e5B6e7f1A4a3AdF8A,PythOracle,2024-08-27T09:30:11,deployer_pre,0.00149925
0xBc312189BA9a87093321609af6de6C5A34d51733,ChainlinkOracle,2024-08-27T09:12:11,deployer_pre,0.00149925
0x3e520C015d093F22a26f83DD83408B890A723540,RedstoneCoreOracle,2024-09-01T06:44:23,deployer_pre,0.00149925
0xc9775fb90053119Ac99C67f5536dbC02dFd28b2a,CrossAdapter,2024-12-09T18:55:47,deployer_pre,0.00149925
0x25A766eB4bF76Df40395a95aF4fe9F649B1950e6,RedstoneCoreOracle,2024-08-27T10:04:35,deployer_pre,0.00149925
0x77D22F93EFd26417B5CD6D5586A6728FFd4e74c3,ChainlinkOracle,2024-08-27T09:20:35,deployer_pre,0.00149925
0xFb9FE66472917F0F8966506A3bf831Ac0c10caD4,EulerSwapFactory,2025-05-29T12:34:35,deployer_pre,0.00149925
0x7C89d05eFB0555DCe244283B9459512fc82B3D4A,PythOracle,2025-01-09T21:20:59,deployer_pre,0.00149925
0xA190509D6170Fe2f77Cee1E073EeA611061A8b90,RedstoneCoreOracle,2024-08-27T10:10:47,deployer_pre,0.00149925
0x80F9B69b6E5774dE49AAE7CF8bb4CD3345Dd8940,RateProviderOracle,2024-09-09T11:22:11,deployer_pre,0.00149925
0x96a678304c280f210288d30bcd2E19359524A653,RedstoneCoreOracle,2024-08-27T09:51:47,deployer_pre,0.00149925
0xd9c823f4061d4a09881D26290BC41D910119C7Ec,ChainlinkOracle,2024-09-23T09:13:11,deployer_pre,0.00149925
0xFc15ec9c88ca6FE3edd96465E7c4092e57427c62,IdleTranchesOracle,2024-12-09T18:30:59,deployer_pre,0.00149925
0x932fDc86108A15126e6b05ff448C22423fbbf266,RateProviderOracle,2024-09-09T11:23:23,deployer_pre,0.00149925
0x5903C59B12219cB93355EEbD3397f1B5dE91B45a,AccountLens,2024-09-25T09:56:11,deployer_pre,0.00149925
0x9a20d3C0c283646e9701a049a2f8C152Bc1e3427,EulerEarnFactory,,seed,0.00149925
0xBbC63A0787f20A252fFdF7A654dF09814Dc15BA1,ChainlinkOracle,2024-09-26T10:20:59,deployer_pre,0.00149925
0xD648Bd39771e10F0BFBF69AFCd966642EE774a88,PythOracle,2024-08-27T09:35:11,deployer_pre,0.00149925
0x8211B9ae40b06d3Db0215E520F232184Af355378,ChainlinkOracle,2024-08-27T09:21:35,deployer_pre,0.00149925
0x5291579cA14767A54E00fEd2872D609E7850dF75,ChainlinkOracle,2024-08-27T09:14:23,deployer_pre,0.00149925
0xA4496d8edee7f6777D8bb9639d8FC1eCA6e17Ce8,CrossAdapter,2024-11-19T11:03:59,deployer_pre,0.00149925
0x0f316b9f0bf1FFBADFa131E7d605265Da3587f05,ChainlinkOracle,2024-08-27T09:19:23,deployer_pre,0.00149925
0x6C693A2DcA4e49bd0506946DA7334Cf1E880b1d5,ChainlinkOracle,2024-09-23T11:25:11,deployer_pre,0.00149925
0x75c1422C76cA92659FE3ca5a6a9Ec5089b10aF73,RedstoneCoreOracle,2024-08-31T15:36:11,deployer_pre,0.00149925
0x6bADD924D88740dDbD564aE9d7d79113200C24Bf,PythOracle,2024-08-27T09:38:35,deployer_pre,0.00149925
0x3071EeBBAF219Ab3764cD076915ad55393704616,ChainlinkOracle,2024-08-27T09:16:35,deployer_pre,0.00149925
0xBa42141648dFD74388f3541C1d80fa9387043Da9,EulerEarn,,seed,0.00149925
0xb013be1D0D380C13B58e889f412895970A2Cf228,EulerSwapFactory,2025-06-10T12:09:35,deployer_pre,0.00149925
0x402c858DAc359dc1165b782c22d2524F672Ca376,RiskManager,2024-08-14T13:21:23,deployer_pre,0.00149925
0x1E21CAc3eB590a5f5482e1CCe07174DcDb7f7FCe,Markets,2022-08-17T21:13:41,deployer_pre,0.00149925
0xeC29b4C2CaCaE5dF1A491f084E5Ec7C62A7EdAb5,Installer,2021-11-25T19:51:21,deployer_pre,0.00149925
0xa065ca5c2f250171FF8a8F93EdF62C15E5A6f5FD,EulerKinkIRMFactory,2024-08-14T13:19:59,deployer_pre,0.00149925
0x5c43Ee87E5Ea1652e566E40949199942fe5D5676,TransceiverStructs,2024-12-26T02:54:35,deployer_pre,0.00149925
0x04F50861b2CeC7831B27b74b565EfEeCeABED4Fd,ChainlinkOracle,2024-08-27T09:43:11,deployer_pre,0.00149925
0x1E10D23Ec871dD8bfE9740e193C714f8B2FFCfe5,RedstoneCoreOracle,2024-08-31T08:13:23,deployer_pre,0.00149925
0x4add41F7DC14813C48f5AA5a3c453Ef1096581B7,CrossAdapter,2024-09-12T09:58:11,deployer_pre,0.00149925
0xE8091846E31b30704af37656cD22171C414E4c08,PythOracle,2024-08-27T09:36:35,deployer_pre,0.00149925
0x98184FBa0348B8Ca908C1213AC8Cbd4AD1Bee902,CrossAdapter,2024-08-27T10:35:11,deployer_pre,0.00149925
0x11D5e473665038A9093b404F4744B48e44397910,RedstoneCoreOracle,2024-08-27T09:59:35,deployer_pre,0.00149925
0x81Dc4ece6C44b9Ff61C6e4038dcd89771961ece3,RedstoneCoreOracle,2024-08-31T13:24:23,deployer_pre,0.00149925
0xA17130BCc6f2De83BC2C4b39Ac2E9Ed3C8e37e96,RedstoneCoreOracle,2024-09-01T06:43:23,deployer_pre,0.00149925
0x5035236243d012d6A2C825228626eD62ff90494F,ChainlinkOracle,2024-08-27T09:45:47,deployer_pre,0.00149925
0x1BdDdB80Baeb5892b71c32137Cd8A35f8B7eb695,RateProviderOracle,2024-09-09T11:22:35,deployer_pre,0.00149925
0x0a6bF6C5BB7301fa6731261c6cFb65df778e7743,IRMLens,2024-08-31T07:32:47,deployer_pre,0.00149925
0x8a58aecbE677682D0F037C67F37F5a7a2E94973c,Token,2024-08-14T13:20:35,deployer_pre,0.00149925
0x89e8f69c302D352D37De10019a69Df4F7F959Bef,IRMClassOHM,2023-01-02T11:59:47,deployer_pre,0.00149925
0x1BB5d7e38AF13fA56895b27D1358323F3DA713CA,CrossAdapter,2024-11-19T11:03:47,deployer_pre,0.00149925
0xc4406E4a14D2c0378952649BF56716A39CE64c6B,CrossAdapter,2024-10-02T11:10:35,deployer_pre,0.00149925
0x6A7c5B6EBFFc65c464f0A3D88913c906bF7A72aF,CrossAdapter,2024-08-27T10:38:11,deployer_pre,0.00149925
0x79211feB623CCc1ed357B8Cf14cD60c04D08faB6,OracleLens,2024-09-25T09:56:23,deployer_pre,0.00149925
0x80fc1234A819c0B344E1D4A8a9Ef100426626d5E,RedstoneCoreOracle,2024-08-31T13:37:23,deployer_pre,0.00149925
0xB77D06d97dC1E641Cd514d8dF89bEFc07350b445,RedstoneCoreOracle,2024-08-31T15:40:23,deployer_pre,0.00149925
0xCD04c09a16fC4E8DB47C930AC90C89f79F20aEB4,0xCD04...aEB4,2021-11-29T16:16:59,deployer_pre,0.00149925
0xe322866b7290181Da7A1B9ad37f308519841Cb32,ChainlinkOracle,2024-08-27T09:14:35,deployer_pre,0.00149925
0x894c7499F240c0E0205c56d26A5D609C8408De2D,IRMClassMega,2022-02-08T10:56:25,deployer_pre,0.00149925
0x5a47412c769A6a57bA757253fB199eDC3cCFCDe6,ChronicleOracle,2024-09-18T06:26:59,deployer_pre,0.00149925
0xA60FAc495f0e52f221437d062815b4db109233D9,RedstoneCoreOracle,2024-08-31T17:19:11,deployer_pre,0.00149925
0xFa908c9B6F91523D563Ca8660F50c49b9571873E,PythOracle,2024-08-27T09:28:23,deployer_pre,0.00149925
0x253453BC43F0b961528C9CbC18A3aE3DE0A4daAb,EulerEarn,2024-10-29T08:08:59,deployer_pre,0.00149925
0x9a36847E153c298391d00ECB251932dF9e608395,ChainlinkInfrequentOracle,2024-10-03T09:04:35,deployer_pre,0.00149925
0x425fB2F58160FC16cA98C5da2442741De646748C,RedstoneCoreOracle,2024-09-01T06:45:23,deployer_pre,0.00149925
0x4C631cBBd02B9b510ccB8d47A0D237F485bB4B17,FixedRateOracle,2024-12-12T06:45:59,deployer_pre,0.00149925
0x8A5a1ec9496CcBc3FA9D031BfD5E04B1F2dA567B,RedstoneCoreOracle,2024-08-27T10:08:35,deployer_pre,0.00149925
0x66F616de88EeCa5E1E3b0B6E9914A60A5c09927a,EdgeFactory,2025-01-28T04:22:11,deployer_pre,0.00149925
0xD4dF645c88767275fE1C22709BE415bD7B509199,ChainlinkOracle,2024-08-27T09:46:23,deployer_pre,0.00149925
0x741Beca7cebc054923b2881caA2469fDC33F3217,RedstoneCoreOracle,2024-08-27T09:53:11,deployer_pre,0.00149925
0x82667Bf55FeBCdF88f617855b01A30A67b12322c,ChainlinkBasedOracle,2022-09-07T12:04:16,deployer_pre,0.00149925
0xBc7A03E1791C0d29FC9Eb8921B9F16035041a2C1,ChainlinkOracle,2024-08-27T09:43:59,deployer_pre,0.00149925
0xc2d41d42939109CDCfa26C6965269D9C0220b38E,EulerSimpleLens,2022-06-05T06:34:56,deployer_pre,0.00149925
0x0F8560f6361051De80Cd15Dc439c76199C47bd4f,OracleLens,2024-08-16T08:56:47,deployer_pre,0.00149925
0xE46A0c83F8061DF2B372fe1579aB6CeAe75F4471,PythOracle,2024-08-27T09:40:59,deployer_pre,0.00149925
0xF5d35536482f62c9031b4d6bD34724671BCE33d1,EulerSwap,2025-05-29T12:34:23,deployer_pre,0.00149925
0xf9FfEb1522C19cE6d48209fdE22Ac003d9A66309,EdgeFactoryPerspective,2025-01-28T04:22:23,deployer_pre,0.00149925
0xEADDD21618ad5Deb412D3fD23580FD461c106B54,SequenceRegistry,,seed,0.00149925
0xcEa9Db0E0602879DCcB2DC2D1Bb343B7f9143073,ChainlinkOracle,2024-08-27T09:18:23,deployer_pre,0.00149925
0x04A56636015Ef379e21Bb78aa61069E721D0cf1C,CrossAdapter,2024-09-12T09:58:35,deployer_pre,0.00149925
0x27C688462fa0dD39e2C8DeB399561F49bF100d5F,ChainlinkOracle,2024-08-27T09:45:35,deployer_pre,0.00149925
0x592B8e963FC9853e16bdb74c5b806Ac90ad96929,ChainlinkOracle,2024-12-17T13:18:35,deployer_pre,0.00149925
0xA86CB9a3ca1D7556C64592EccFA59737B4e00265,0xA86C...0265,2024-08-14T13:46:35,deployer_pre,0.00149925
0x19bfe3aca80C61070cd22F84a59768988d199EEd,RedstoneCoreOracle,2024-08-27T10:09:59,deployer_pre,0.00149925
0x30f7EB18B625090E32381efFCb922bD188746E3E,CrossAdapter,2024-10-07T10:29:47,deployer_pre,0.00149925
0xa664Ed382E1076613C5B8be721b5CDB3643B1f20,RedstoneCoreOracle,2024-08-27T09:47:47,deployer_pre,0.00149925
0x0831C0EaC6D6d1411F31965146BfA81fcF24f546,RedstoneCoreOracle,2024-08-27T10:06:47,deployer_pre,0.00149925
0xC99D3aC84f308445Fe60c431c48a3E63eFf0e452,RedstoneCoreOracle,2024-08-27T09:57:47,deployer_pre,0.00149925
0x42aeb7951103f080caA1983A5AF35185dfFfBe13,Fee,2025-01-05T21:59:47,deployer_pre,0.00149925
0xa0a9511fCb0FCC9Ea046abb417A2703D62F1Edd7,CrossAdapter,2024-12-05T08:57:23,deployer_pre,0.00149925
0x420a9855fA5FE985b9A6458780214a2700e0D9c6,ChronicleOracle,2024-09-23T09:15:47,deployer_pre,0.00149925
0xbF893F7062FCcEB83d295e7FB407a64F941d5204,Swapper,2024-08-31T07:44:59,deployer_pre,0.00149925
0xe6b889ddF1b4fc350a6bD56d646273F312881fD3,RateProviderOracle,2024-09-23T11:23:23,deployer_pre,0.00149925
0xE81b5077F30A5F4F48723915d543dB89f5e98e18,RedstoneCoreOracle,2024-08-27T10:09:23,deployer_pre,0.00149925
0x79439576CA22bAF133E0afb232630509d3391d1c,RedstoneCoreOracle,2024-09-01T06:44:59,deployer_pre,0.00149925
0xafDB48aa701eA15aD1d670B5fA65a84358e0C127,CrossAdapter,2024-10-02T11:09:47,deployer_pre,0.00149925
0xC499881FCc94d6755532e2C80b474858a564D637,FixedRateOracle,2024-09-09T11:17:47,deployer_pre,0.00149925
0xae26485ACDDeFd486Fe9ad7C2b34169d360737c7,SwapVerifier,2024-08-14T13:24:23,deployer_pre,0.00149925
0x5ffc9CbD2eec444CbEa73f4FF074FF54775E2F06,CrossAdapter,2024-08-27T10:38:59,deployer_pre,0.00149925
0x5945ae3d5beF0dc695F32FC91f006f2d2D7eaEe1,ChainlinkBasedOracle,2022-09-07T12:07:02,deployer_pre,0.00149925
0x281b24Ba7FEFD1233C0a06967eAA811F235F3466,RedstoneCoreOracle,2024-08-31T15:53:47,deployer_pre,0.00149925
0x922D0c82d70c3c9F8928742E8f75004DEa228FE6,PythOracle,2024-08-27T09:39:47,deployer_pre,0.00149925
0x4F1Bb8dCE9c9f5943873c8Ac1c35F31331D3271E,CrossAdapter,2024-10-02T11:10:47,deployer_pre,0.00149925
0x34238129479f1423aBDB16C0d29abf4bd1354D29,ChainlinkOracle,2024-08-27T09:44:47,deployer_pre,0.00149925
0x13d7392f5A8a6A75020eAC90F761F56Acb7175f0,Reverter,2023-03-13T04:14:11,deployer_pre,0.00149925
0x8a14C0190385cA8D9Ac7a134af39f7EBb13D5782,ChainlinkOracle,2024-09-18T08:56:35,deployer_pre,0.00149925
0x156242F8ec2c8Ec185b45cBF9b167f1dfce462b9,Extractor,2023-04-13T08:20:47,deployer_pre,0.00149925
0xcAe0A39B45Ee9C3213f64392FA6DF30CE034C9F9,EulerKinkIRMFactory,2024-08-16T05:46:11,deployer_pre,0.00149925
0x02122aFd2687ddB1dd3B9F2F2D7Cc6fd422DBD05,EulerEarnVault,2024-10-29T08:07:47,deployer_pre,0.00149925
0x2B23B4EAAe78D0343d5168A6A489F7daBc9a8205,CrossAdapter,2024-08-27T10:35:59,deployer_pre,0.00149925
0x88143dB62d0714094Ef76fB8c106e5D310eC4FD3,RedstoneCoreOracle,2024-08-27T09:52:59,deployer_pre,0.00149925
0xccE9D62e73d97CEF4F09c73f6924234B435Ee704,ChainlinkOracle,2024-08-27T09:12:47,deployer_pre,0.00149925
0xFd78C84d07dd4BA02fBc287290D9F2DB5C56CdED,EulerEarnVault,2025-01-05T21:59:11,deployer_pre,0.00149925
0x018b43eCFBE95617c0240A19eb734d973A074267,ChainlinkOracle,2024-08-27T09:44:23,deployer_pre,0.00149925
0xEb9Ad7Ec0b11987bF4e800531FE084D6ff6F9CCd,RedstoneCoreOracle,2024-08-31T08:15:35,deployer_pre,0.00149925
0x38c061DF62fccE6ae6F69C12E3ebEb2f35A2aa38,Reverter,2023-03-13T04:56:11,deployer_pre,0.00149925
0x5B447ba6B204A8efDcc5b8f9FDf7361F332dC090,RedstoneCoreOracle,2024-08-31T09:24:11,deployer_pre,0.00149925
0x3DE5712130038E484084981f45940f4a562f2C2D,0x3DE5...2C2D,2025-06-02T04:02:59,deployer_pre,0.00149925
0x438d3B26BDa1a3a81f915F31a8dBEf429d7F25fE,CrossAdapter,2024-10-02T11:11:23,deployer_pre,0.00149925
0x517Cb608a08875FF60407F0209a87e093955A6C6,RateProviderOracle,2024-09-09T11:22:47,deployer_pre,0.00149925
0x0E45B0bc6D05872E355cca26f14ec5519E302db6,ChainlinkOracle,2024-09-02T05:52:23,deployer_pre,0.00149925
0x424775a622eE9156DeED13B627B9Abe08B5BFa57,ChainlinkOracle,2024-08-27T09:19:11,deployer_pre,0.00149925
0x810E3c19475a12C3fCeD08D6217c6536C9747a90,FixedRateOracle,2024-11-22T06:25:59,deployer_pre,0.00149925
0xCaB67D0C1F30c961754466818DD333f3902e68F4,CrossAdapter,2024-12-12T06:54:11,deployer_pre,0.00149925
0x4dd1c76C1B566e10F46305561d2cF97226A79f44,ChainlinkOracle,2024-08-27T09:44:11,deployer_pre,0.00149925
0x5b3A993Bc8E33b2e2037f1BB70E3e771EcdC8ddf,ChainlinkOracle,2024-08-27T09:20:11,deployer_pre,0.00149925
0x05df5bb999Bac668713122b83Fb5De75B6973377,Extractor,2023-04-19T06:21:35,deployer_pre,0.00149925
0x1B965dB157027423b493328CbddeF2335063897b,ChainlinkOracle,2024-08-16T09:29:23,deployer_pre,0.00149925
0xe5B2ad3978105a0a43Cbf95dA282B1b58c6C246F,AccountLens,2024-11-14T10:43:59,deployer_pre,0.00149925
0x8dAf2C71fCa7C9BfE07C3a269c04b9d5e7AB043E,ChainlinkOracle,2024-08-27T09:21:47,deployer_pre,0.00149925
0xF86E1E57797fA1A1b979AF7CD474d210109d10f1,RedstoneCoreOracle,2024-08-31T17:43:59,deployer_pre,0.00149925
0x0484Df76f561443d93548D86740b5C4A826e5A33,ChainlinkOracle,2024-08-27T09:10:47,deployer_pre,0.00149925
0xF376Cf2D9c3C792197EF6cE8a87b97aD1242bcFc,EToken,2023-05-17T08:10:59,deployer_pre,0.00149925
0xDACb0d070C6Fa0ff849854f8041f1D10376C227F,CrossAdapter,2024-12-17T13:26:23,deployer_pre,0.00149925
0x7F2e2AD08aD809ba71e9cdab9339726B53564e82,CrossAdapter,2024-08-27T10:37:23,deployer_pre,0.00149925
0x03601eDc8aF4b0439d63Eb3a45ed11B01c6975d7,DToken,2021-12-09T18:42:45,deployer_pre,0.00149925
0xf39d8B0A77f54442C72ee14C7782Ea7F1C028f1a,Reverter,2023-03-13T05:36:59,deployer_pre,0.00149925
0xfd63eED8Db6F5Bae46B2860C4B8a8a07eD8BF8bb,ChainlinkInfrequentOracle,2024-12-12T06:44:35,deployer_pre,0.00149925
0x62B87e645D754F350DE58fd057889Fc2d6748b4f,ChainlinkOracle,2024-08-27T09:18:59,deployer_pre,0.00149925
0x286b8d05f9A9427899ad4dfF9A5298E238Ce80e7,RateProviderOracle,2024-09-09T11:21:11,deployer_pre,0.00149925
0x92b172Bd476948d01f858Dd3FaAc4943e3BC775E,PythOracle,2024-11-19T10:53:23,deployer_pre,0.00149925
0x68004911694EC42f0c56B7144a6A5281fFDD38F7,IRMDefault,2021-11-29T15:50:40,deployer_pre,0.00149925
0x639156f8fEB0cD88205e4861A0224Ec169605acF,Borrowing,2024-08-14T13:20:59,deployer_pre,0.00149925
0x8667082f128fa13139B859c1b40b4C8014D4A74f,EulerFactoryPerspective,2024-08-16T09:15:11,deployer_pre,0.00149925
0xDC149E485a29Fc9384D8e634Ae9170ae1727BeaB,CrossAdapter,2024-09-23T11:30:23,deployer_pre,0.00149925
0xCF1a6890343Bfac19612c4631332742E5B7d6A86,RedstoneCoreOracle,2024-08-27T09:51:11,deployer_pre,0.00149925
0xB2eA64316eEfc109f8685Cd8751E2468caBC5e76,RedstoneCoreOracle,2024-09-01T06:44:11,deployer_pre,0.00149925
0x6248E929E0AC57DD7812FFB33B4a30E85a0f99db,ChainlinkOracle,2024-08-27T09:16:23,deployer_pre,0.00149925
0x3ba9dc51E9a814D1B8fb3E8919be413d5D07114d,FixedRateOracle,2024-11-26T11:40:47,deployer_pre,0.00149925
0xe374b7a44Dcd6b6eed4a6A845B6e162Ed52924e5,DToken,2022-04-09T15:20:01,deployer_pre,0.00149925
0x86141c87044EBCAf02957a61DEc696722A420119,ChainlinkOracle,2024-08-27T09:09:47,deployer_pre,0.00149925
0xB30f23bc5F93F097B3A699f71B0b1718Fc82e182,EVKFactoryPerspective,2024-08-27T08:41:47,deployer_pre,0.00149925
0xBd29b6588031cb2F31b933BcbF1eeFb69a4E2Fa3,Strategy,2024-10-29T08:08:35,deployer_pre,0.00149925
0x52b26d9046BEc495914FaE467Ff0e95762C5ed74,EulerSwapPeriphery,2025-05-29T12:34:47,deployer_pre,0.00149925
0xC57D9e4a688551d99645B49126e93589d4b478c8,SwapHub,2022-10-17T10:48:35,deployer_pre,0.00149925
0x16fa62D8c322a6156fb5eF267342A3C7952AD23C,Liquidation,2024-08-14T13:21:11,deployer_pre,0.00149925
0xD671f3e5597a1396Dc427FBbD6B3e3f6C6FD5363,ChainlinkOracle,2024-08-27T09:10:23,deployer_pre,0.00149925
0x1245f078A5b6161E6CB66C4cF00419ae2BeafbDb,EToken,2022-03-17T12:02:57,deployer_pre,0.00149925
0xcD28b12c7D6a304ef8D66CC27f25a126ac1174A2,VaultLens,2024-08-14T13:22:59,deployer_pre,0.00149925
0xC9DC6c3d9Df09986550b8C0A5ae9119f640AB80f,RedstoneCoreOracle,2024-08-31T13:42:47,deployer_pre,0.00149925
0xBE42faeA74e76CEb62DEfa279bAba3eCfb63B283,ChainlinkOracle,2024-08-27T09:11:47,deployer_pre,0.00149925
0xB4d68bC247a1DEF6FB0B6d0F69906C5B75Afe2aD,RiskManager,2022-07-11T09:30:25,deployer_pre,0.00149925
0xBC8021015db2ca0599e0692d63ae6B91564cf026,EulerClaims,2023-04-11T11:44:11,deployer_pre,0.00149925
0x229443bf7F1297192394B7127427DB172a5bDe9E,StakingRewards,2022-12-01T07:36:35,deployer_pre,0.00149925
0x6EEdEfD8899AF188CeBa10cf1514d60F44863ec5,PythOracle,2024-08-27T09:35:47,deployer_pre,0.00149925
0xF48a85f4bC46b0133C9F733a9B8a1a3C37b5cbEb,ChainlinkOracle,2024-08-27T09:11:59,deployer_pre,0.00149925
0xb4788d58173496AF67b6C1204c2aE97F60598c9c,PendleOracle,2024-11-07T06:55:47,deployer_pre,0.00149925
0x32737a15c40d7d42E6C9013138d3b2A775978ba3,Hooks,2024-10-29T08:08:11,deployer_pre,0.00149925
0x8e095BFBe01b07C44acA930f027ABC928D4Cb4bf,WormholeTransceiver,2024-12-26T02:57:47,deployer_pre,0.00149925
0x9c0c01C585a2A7B63EF2a4f998d79E3C1E47336D,ChainlinkOracle,2024-09-06T08:52:47,deployer_pre,0.00149925
0x94F4183C6781077dA00d616404B5D9Dc684CB4fF,RedstoneCoreOracle,2024-08-31T12:35:23,deployer_pre,0.00149925
0x829414002652Af4527c75594B4aEffb49AC40B74,Reverter,2023-03-13T05:34:47,deployer_pre,0.00149925
0xE280D813190c57EaF64a71Ab4DAbc802411C1030,ChainlinkOracle,2024-08-27T09:12:35,deployer_pre,0.00149925
0x23731D5B57f4199Afd5080eAA9F22715DF45d7C2,0x2373...d7C2,2025-06-05T13:05:59,deployer_pre,0.00149925
0x50e1F35c47dC571706da4f87f2606C57F854D0F8,ChainlinkOracle,2024-08-27T09:16:59,deployer_pre,0.00149925
0x56F31BBF98a7E13BA956aBf627142FEf603f9cbC,FixedRateOracle,2024-11-19T10:50:11,deployer_pre,0.00149925
0xCF4124DEC902765BD8dAB56c883eDC8bc2378631,FixedRateOracle,2025-01-27T11:15:11,deployer_pre,0.00149925
0xC2Ca699A973A62540C48C749Dc05F890747c5703,OracleLens,2024-09-11T06:59:23,deployer_pre,0.00149925
0x873efB11b064F4643675A11bc265844b357cb47A,PythOracle,2024-08-27T09:34:47,deployer_pre,0.00149925
0x809E490d84811f7a3D95Abf3b8467737c6c2Fa4f,RedstoneCoreOracle,2024-08-31T13:52:11,deployer_pre,0.00149925
0xb1428B0229F951d6d7d2B8921D6E72B895cC4CDE,ChainlinkOracle,2024-08-27T09:15:11,deployer_pre,0.00149925
0x16805c0eC021ee5e5cE80803D3fB9194ec454e82,RedstoneCoreOracle,2024-08-27T10:03:47,deployer_pre,0.00149925
0x2b4aeb7737d6C55cB387065e8C4844BC1d8089bE,PythOracle,2024-08-27T09:33:11,deployer_pre,0.00149925
0x37d7c05f5613C16933649708b142f0adaF2668AD,PythOracle,2024-08-27T09:41:35,deployer_pre,0.00149925
0x664Addf3FB9E735a3760794012940867924e1f80,RedstoneCoreOracle,2024-08-31T15:52:11,deployer_pre,0.00149925
0x4d0d1B45834e8185e7ddB4aD8Fc64884fa8e6D5D,ChainlinkOracle,2024-08-27T09:10:11,deployer_pre,0.00149925
0xD41641d2D8b3B0DCaEdFab917AA4c140C4dBAb77,ChainlinkOracle,2024-08-27T09:10:59,deployer_pre,0.00149925
0xa5190Ba9698E7D8F8CDBfA1a6Bb1f04EF9dD2634,RedstoneCoreOracle,2024-08-31T15:41:47,deployer_pre,0.00149925
0x208fF5Eb543814789321DaA1B5Eb551881D16b06,EulerSwapPeriphery,2025-06-10T12:09:47,deployer_pre,0.00149925
0xD394504A778139Afb8dC76c43Cd681E17163ce4a,RedstoneCoreOracle,2024-08-27T09:50:35,deployer_pre,0.00149925
0x5163195bDac96b9be790c80eDbC55BE03F436e0b,PendleOracle,2024-11-25T13:23:59,deployer_pre,0.00149925
0xD7F9c3F788E958a8A3d06dE857C06dd1D78c682F,RedstoneCoreOracle,2024-08-27T10:11:23,deployer_pre,0.00149925
0xd5950Bc3763Af2f61Cb8cE96e68345E0de1919B8,RedstoneCoreOracle,2024-08-31T16:15:23,deployer_pre,0.00149925
0xFcd3Db06EA814eB21C84304fC7F90798C00D1e32,FeeFlowController,2024-08-14T13:24:35,deployer_pre,0.00149925
0xf364CeEE501fb73e5dD7B313ECf0a6b98F6118ea,UtilsLens,2024-09-25T09:56:35,deployer_pre,0.00149925
0x9053388bDa7cA8A31763E3341Bcb1E4b3E54C5F3,IRMClassLido,2022-08-29T08:18:25,deployer_pre,0.00149925
0x0Bf04952a5b3eF6bAD343C2218F584a7413bb44d,Exec,2022-08-17T21:04:31,deployer_pre,0.00149925
0x1343a8334c2C7d04f6126Ab6502642845060f435,PythOracle,2024-08-27T09:39:23,deployer_pre,0.00149925
0x02dd5B7ab536629d2235276aBCDf8eb3Af9528D7,CrossAdapter,2024-08-16T09:36:11,deployer_pre,0.00149925
0x75E82DE02E3E512f3B0e28862A42055d59DDc1e0,EToken,2023-05-08T12:43:35,deployer_pre,0.00149925
0xB0dC8194eCA11EF10B4451BD596ed29049a2cf7c,ChainlinkOracle,2024-08-27T09:45:11,deployer_pre,0.00149925
0xe20582e7FB2E5D1D96D8c8A65B4cdC3F5Dc398f8,Swap,2021-12-07T05:15:17,deployer_pre,0.00149925
0x97fcAa9F3AF1dF83515FeE74aF3cd06cdEC3F4c8,IRMLens,2025-01-28T04:22:35,deployer_pre,0.00149925
0x65D798dc7C1cC79DEf7F05425FcD9d1a02E930A7,PythOracle,2024-11-04T11:31:35,deployer_pre,0.00149925
0xCEAEF9039C346a17eCF9edacD326dd4E83C77e3A,FixedRateOracle,2024-09-30T10:37:35,deployer_pre,0.00149925
0xabcC3Fd22E87A3bb63aF4eC6c41b57872E2AFcbA,RedstoneCoreOracle,2024-08-27T09:51:59,deployer_pre,0.00149925
0x76E96f682D1705D6Ff163e8751d8cd926D59A766,OracleLens,2024-08-31T07:32:11,deployer_pre,0.00149925
0x8F63048De9e67B90F43D6879168f49527b795d54,ChainlinkOracle,2024-08-27T09:09:23,deployer_pre,0.00149925
0x9d927D9551d23a6B6497e955DB1f843A4af854D2,CrossAdapter,2024-11-19T11:02:47,deployer_pre,0.00149925
0xd1f0AF153fCd8822459Bcfee0705DA8D86b5B92a,PythOracle,2024-08-27T09:29:59,deployer_pre,0.00149925
0x7527E082300fb8D189B3c07dB3BEcc990B5037E7,SwapHandlerUniswapV3,2022-11-28T11:29:35,deployer_pre,0.00149925
0x32673dAA164F4a290AE1f75DDc6aea5A2d343065,SwapHandler1Inch,2022-10-18T13:29:47,deployer_pre,0.00149925
0xC09be111D95171d1D5db43f1324005D21C098B52,EulerEarnFactoryPerspective,2025-01-05T22:01:59,deployer_pre,0.00149925
0x8B55cdAE45782d0B543f73d064e881b65d3C3550,PythOracle,2024-08-27T09:33:59,deployer_pre,0.00149925
0x70B3f6F61b7Bf237DF04589DdAA842121072326A,EulerRouterFactory,2024-08-16T05:44:35,deployer_pre,0.00149925
0xE39Da17508ec3fE7806a58b0aBe15A2df742cBfE,ChainlinkOracle,2024-08-27T09:17:35,deployer_pre,0.00149925
0xD4090c34F09200017210B2E7A9434dbd3c54cD32,RedstoneCoreOracle,2024-08-27T09:53:23,deployer_pre,0.00149925
0xDF4513A7c0E611d7B36237CcF0c098733f28f680,PythOracle,2024-11-05T11:32:35,deployer_pre,0.00149925
0x5Ed2652E6cEfeC93A327A668ac90D08f727c6299,CrossAdapter,2024-10-03T09:02:47,deployer_pre,0.00149925
0x48Ec37776D027fB339E2da857D90df99afa93792,ChainlinkOracle,2024-08-27T09:20:47,deployer_pre,0.00149925
0x5e40D34DEA07f7dd3818ec3EA044B5dB87Db785c,PythOracle,2024-10-11T05:35:35,deployer_pre,0.00149925
0x2be3c0051a6e32de5a17543F71D68826eBe1414A,FixedRateOracle,2025-01-27T11:14:23,deployer_pre,0.00149925
0xa22392A6011d0066ED02313e5F6E3FdEc943158d,RedstoneCoreOracle,2024-08-31T15:52:47,deployer_pre,0.00149925
0xcb9F947987b833a82A15b87Cf1473a1797846A5E,ChainlinkOracle,2024-09-06T08:53:11,deployer_pre,0.00149925
0x37f80384FD1439ebFc22fb82670CcC33D1f0271A,RedstoneCoreOracle,2024-08-31T09:22:35,deployer_pre,0.00149925
0x8F358638Eb5D0afF47E5b320213C07235e40ebe2,CrossAdapter,2024-08-27T10:37:47,deployer_pre,0.00149925
0x66af61f199Ffee7BCfe52a2b8A18082f0067cA91,CrossAdapter,2024-09-12T09:58:23,deployer_pre,0.00149925
0xD06aC27144e4d4c0c3d8aDd06e27B809F084d3D3,RedstoneCoreOracle,2024-08-27T09:53:59,deployer_pre,0.00149925
0x31bd697842aD9e41cEae622C6044CEFFFee43faC,RedstoneCoreOracle,2024-08-31T16:29:23,deployer_pre,0.00149925
0xD75870dCbd1521E6CAd7566FbcA35D72e238572B,IRMClassMajor,2021-11-29T16:52:37,deployer_pre,0.00149925
0x7739a9e31ee060afAe2657dC4Ff8DA11078C2c52,PythOracle,2024-11-05T11:32:23,deployer_pre,0.00149925
0x6c58afE10c9Ce730c12104881901c0fA63Da6Aa8,RedstoneCoreOracle,2024-08-31T09:23:35,deployer_pre,0.00149925
0xB2d329A6e3cd47c7dB5D600EF376dDCB2DDc0773,PendleOracle,2024-11-19T10:58:23,deployer_pre,0.00149925
0xC567525783af9c2309364ecade152Fd79624a753,UtilsLens,2024-08-16T09:08:35,deployer_pre,0.00149925
0xf21842C0dce883D02d0c62AB45AaA2C4dfA4e93C,PythOracle,2024-10-21T08:38:35,deployer_pre,0.00149925
0x91f5a069A5569cB1edecBc4EBa5b85dBF36209e8,VaultLens,2024-08-31T07:37:11,deployer_pre,0.00149925
0xC642C492BbffFb7CCA586245A520afB313DeBb74,PythOracle,2024-10-02T10:46:23,deployer_pre,0.00149925
0xf8147C4c6CB7c615c32A44EB79C18C43b9Fe2058,CrossAdapter,2024-11-26T11:33:35,deployer_pre,0.00149925
0xDb69d6A0410977eFD5F68da9995f243A3ed7ff32,PythOracle,2024-08-27T09:38:47,deployer_pre,0.00149925
0xA9E18Ece44DcCd4E623135098C8B0887C87F6128,CrossAdapter,2024-08-27T10:38:23,deployer_pre,0.00149925
0x806AF31A325bE46812Fc8E8391333c4fA74B1211,EulerSwapFactory,2025-05-29T12:29:47,deployer_pre,0.00149925
0xd737eE2bB39F49C62a436002A77f2710cc45eD98,Liquidation,2022-08-17T21:13:05,deployer_pre,0.00149925
0xd327b58B5824F3979DCA46CC5D4e973a3a836D3f,PythOracle,2024-08-27T09:40:47,deployer_pre,0.00149925
0xDCb7cF0bFe8a6D9b61d5c29DA4c4F3B48e0829e7,PythOracle,2024-12-17T13:22:23,deployer_pre,0.00149925
0x8710019824E557F907Fb0B8BD23d610d74dD7444,CrossAdapter,2024-08-27T10:35:23,deployer_pre,0.00149925
0xf1D4711E64c0305DF167784541A7D2647d72984a,ChainlinkOracle,2024-08-27T09:18:47,deployer_pre,0.00149925
0x3D289eb12505E8147460f27beC775419f3350a80,RedstoneCoreOracle,2024-08-27T10:11:47,deployer_pre,0.00149925
0x810055eB83B59B736e27B7191d0A0ABE6737f0dF,NttManager,2024-12-26T02:57:11,deployer_pre,0.00149925
0x81D21c8f60dfD0f0c91013DCEa964E731f78665e,ChainlinkOracle,2024-08-27T09:13:35,deployer_pre,0.00149925
0x0fe1A11CC41459A60471BEF0177C08C4f09f94d9,ChainlinkOracle,2024-08-27T09:12:59,deployer_pre,0.00149925
0xA66F779E656e76bAE0cA7BCA8E731A938412c496,ChainlinkInfrequentOracle,2024-11-26T11:02:23,deployer_pre,0.00149925
0x5412ed14FF9D2044981987D472d6C0618eD87d57,CrossAdapter,2024-08-27T10:39:47,deployer_pre,0.00149925
0xdD14f5ab795ce9892AF51063235e18c9884eB2e1,RedstoneCoreOracle,2024-09-01T06:43:11,deployer_pre,0.00149925
0x4c00c56a52C1Da5b835a62C55f590b9EE60F1c59,CrossAdapter,2024-11-19T11:04:23,deployer_pre,0.00149925
0x77a5D2828A797E76c175435DAfEa5A22fEd573e3,ChainlinkOracle,2024-08-27T09:17:47,deployer_pre,0.00149925
0x7ceBec7483b8D20CEAa4911b368d0113c020dd10,CrossAdapter,2024-08-27T10:38:47,deployer_pre,0.00149925
0xfb034c1C6c7F42171b2d1Cb8486E0f43ED07A968,TimelockController,2024-12-26T02:56:35,deployer_pre,0.00149925
0xe6BBD489B220b3FF3a3eE7eafAacbb9b775bB99a,PythOracle,2024-10-11T05:35:11,deployer_pre,0.00149925
0xe8D2937D7401002483B06aDfb2940f61A0572812,CrossAdapter,2024-10-02T11:10:59,deployer_pre,0.00149925
0xEE385A1E2F0Bfe79D795a9AC680c4aB89033AbAB,EToken,2022-04-09T15:19:18,deployer_pre,0.00149925
0x83a27C7AC47D6B4065dD442bA90500d61bfbF440,CrossAdapter,2024-08-27T10:39:35,deployer_pre,0.00149925
0xF3C1e427Eb1781182949F46555CF944fCd6eF018,RedstoneCoreOracle,2024-08-27T09:53:35,deployer_pre,0.00149925
0x70a2DC406566Cf6c498EbCa71226770D1bca5Df0,Extractor,2023-04-11T14:44:59,deployer_pre,0.00149925
0x3297c8db9360f87a7f7826f52A4FA143988931a6,RiskManager,2022-08-17T21:14:20,deployer_pre,0.00149925
0x9D2B3052f5A3c156A34FC32cD08E9F5501720ea4,0x9D2B...0ea4,2021-12-10T19:50:01,deployer_pre,0.00149925
0x9F169Aa3f0daB617A9ED1Ba5a73d587a65f6dFaC,RedstoneCoreOracle,2024-08-31T13:28:35,deployer_pre,0.00149925
0x9e82C6a347c5444099DDb1E0B501bbeA1e22C7F0,ChainlinkBasedOracle,2022-12-05T12:00:35,deployer_pre,0.00149925
0xc8339D67d3c110dEc5226A497e86d4E18bDe6115,ChainlinkOracle,2024-08-27T09:44:59,deployer_pre,0.00149925
0x04D3214E0e0a21c5b22a81F82D810171B6525332,0x04D3...5332,2024-08-14T13:23:47,deployer_pre,0.00149925
0x40D2162b799Ee21bF6E63e4ab81A40bf3048C618,ChainlinkOracle,2024-08-27T09:18:35,deployer_pre,0.00149925
0x157E7ea776cb684df4185782AEe266D81036f496,RedstoneCoreOracle,2024-08-27T10:00:11,deployer_pre,0.00149925
0xC039229EBCef32f898031eB81f646880F39a190B,PythOracle,2024-08-27T09:38:59,deployer_pre,0.00149925
0x29a56a1b8214D9Cf7c5561811750D5cBDb45CC8e,GenericFactory,,seed,0.00149925
0x2206c3341582daAF007BA4569321c8Dd39f0710b,EulerUngovernedPerspective,2024-08-31T07:49:23,deployer_pre,0.00149925
0x7b717BDc47dDf02ee85436b468670A7c45dF8D26,RedstoneCoreOracle,2024-09-01T06:45:59,deployer_pre,0.00149925
0xdF7EC7D1970362B5f5d031C621152deaB7e1938d,UtilsLens,2024-10-15T06:23:35,deployer_pre,0.00149925
0x26bDa7a7A660a5e9Ac70f64b69f56EF1e2275a07,CrossAdapter,2024-10-03T09:03:11,deployer_pre,0.00149925
0x60Fcc00B94fEE45DCBF0Ba053cD2083DB27955eE,EulerUngovernedPerspective,2024-08-27T08:42:35,deployer_pre,0.00149925
0x7FC56b3c11a5654E5f193fccEA480047aE52325b,PythOracle,2025-01-09T21:03:11,deployer_pre,0.00149925
0x1F929d571FA089A0308AfCa96129d28527Df86cd,PythOracle,2024-08-27T09:30:59,deployer_pre,0.00149925
0x1E87e5D9F675F4883cd81f6Cf4B92E03cc326eBF,CrossAdapter,2024-11-25T13:31:47,deployer_pre,0.00149925
0x8A1C61Da9655Af0bd5f080BbA03BccD2232F6cb4,ChainlinkOracle,2024-08-14T13:33:11,deployer_pre,0.00149925
0x6bF6cc2d082273eF4f373Cb180e05d7D380ecaf6,ChainlinkOracle,2024-08-27T09:15:59,deployer_pre,0.00149925
0x94f68a23f6CC503B9957Cdc5435E473fa00a8498,RedstoneCoreOracle,2024-08-27T09:47:59,deployer_pre,0.00149925
0xad8a5c16FDF36E568F602d088dD0C0ADe52dd652,RiskManager,2022-01-26T10:36:34,deployer_pre,0.00149925
0x4c2A73ff36565F513F83a57CC5668551bdFd7499,CrossAdapter,2024-11-19T11:03:23,deployer_pre,0.00149925
0xA9d733C4BeD26EA9FC3026538E593E58688c62Be,CrossAdapter,2024-10-11T05:32:11,deployer_pre,0.00149925
0x2eA2b307cD934a6e705eAcFCb6B806d018Cd62CF,ChainlinkOracle,2024-08-27T09:21:23,deployer_pre,0.00149925
0x7F12be038cA9143085fdaff550C883baEbA53fc5,CrossAdapter,2024-09-23T11:30:35,deployer_pre,0.00149925
0x8881d3dcC9536664E8e1C8D9A98AA12013d00f57,RedstoneCoreOracle,2024-08-27T10:10:11,deployer_pre,0.00149925
0x83C8E36965fAf05cc63937A8532CEb80Ec86F54B,PythOracle,2024-08-27T09:35:23,deployer_pre,0.00149925
0xd524E29E3BAF5BB085403Ca5665301E94387A7e2,EulDistributor,2022-06-16T12:38:25,deployer_pre,0.00149925
0x182CF2A51672c71227Ea1fEDE9C8Ed285C158fAc,PendleOracle,2024-12-12T06:46:59,deployer_pre,0.00149925
0xe7C7b210b22DCEB3667da6Dfe5c54A401897db7D,0xe7C7...db7D,2021-11-29T05:48:05,deployer_pre,0.00149925
0x73667C265023c77107E62278e6706f1a376adA5b,PendleOracle,2024-12-12T06:47:23,deployer_pre,0.00149925
0x691DB6db68cCDC0dB4A58059760d61DCD6Dd8dfC,RedstoneCoreOracle,2024-08-27T10:07:35,deployer_pre,0.00149925
0x239DE90Ac71a220Ba745A10988BC2AbF6F4Dc2E8,ChainlinkInfrequentOracle,2024-11-27T06:47:35,deployer_pre,0.00149925
0xA9B11f86aEDB82309846C98d92Ef258988a84c8E,Swap,2022-03-17T12:06:10,deployer_pre,0.00149925
0xC0121817FF224a018840e4D15a864747d36e6Eb2,GovernedPerspective,2024-08-31T07:48:59,deployer_pre,0.00149925
